{
  "ARB|Los Angeles Lakers vs Minnesota Timberwolves|H2H|1.97": 1773151899.5360303,
  "ARB|Atl\u00e9tico Madrid vs Tottenham Hotspur|H2H|1.22": 1773151899.738455,
  "EV|Tampa Bay Lightning vs Columbus Blue Jackets|H2H|Columbus Blue Jackets|4.32": 1773151899.8265817,
  "EV|Seattle Kraken vs Nashville Predators|H2H|Seattle Kraken|2.50": 1773151899.9572585,
  "EV|Colorado Avalanche vs Edmonton Oilers|H2H|Edmonton Oilers|3.35": 1773151900.0542123,
  "EV|Winnipeg Jets vs Anaheim Ducks|H2H|Anaheim Ducks|2.83": 1773151900.1505713,
  "EV|St Louis Blues vs New York Islanders|H2H|St Louis Blues|2.75": 1773151900.288957,
  "EV|St Louis Blues vs New York Islanders|H2H|New York Islanders|2.36": 1773151900.410708,
  "EV|Dallas Stars vs Vegas Golden Knights|H2H|Dallas Stars|2.11": 1773151900.5078845,
  "EV|Seattle Kraken vs Nashville Predators|H2H|Nashville Predators|2.60": 1773151900.6389,
  "EV|Minnesota Wild vs Utah Mammoth|H2H|Minnesota Wild|2.14": 1773151900.7645385,
  "EV|Winnipeg Jets vs Anaheim Ducks|H2H|Winnipeg Jets|2.25": 1773151900.898108,
  "EV|Montr\u00e9al Canadiens vs Toronto Maple Leafs|H2H|Montr\u00e9al Canadiens|2.04": 1773151900.9896016,
  "EV|Carolina Hurricanes vs Pittsburgh Penguins|H2H|Carolina Hurricanes|1.83": 1773151901.1083636,
  "EV|Tampa Bay Lightning vs Columbus Blue Jackets|H2H|Tampa Bay Lightning|1.70": 1773151901.232461,
  "EV|Atl\u00e9tico Madrid vs Tottenham Hotspur|H2H|Tottenham Hotspur|5.40": 1773151901.359,
  "EV|Chelsea vs Newcastle United|H2H|Newcastle United|4.12": 1773151901.4460788,
  "EV|Liverpool vs Tottenham Hotspur|H2H|Tottenham Hotspur|8.60": 1773151901.5726852,
  "EV|Atl\u00e9tico Madrid vs Tottenham Hotspur|H2H|Atl\u00e9tico Madrid|1.82": 1773151901.7317033,
  "ARB|Los Angeles Lakers vs Minnesota Timberwolves|H2H|1.56": 1773156588.6305027,
  "ARB|Atl\u00e9tico Madrid vs Tottenham Hotspur|H2H|1.28": 1773156588.8188975,
  "EV|Tampa Bay Lightning vs Columbus Blue Jackets|H2H|Columbus Blue Jackets|4.21": 1773156588.9501164,
  "EV|New York Rangers vs Calgary Flames|H2H|Calgary Flames|2.87": 1773156589.062771,
  "EV|Buffalo Sabres vs San Jose Sharks|H2H|San Jose Sharks|3.65": 1773156589.1727085,
  "EV|Florida Panthers vs Detroit Red Wings|H2H|Detroit Red Wings|2.83": 1773156589.274254,
  "EV|Minnesota Wild vs Utah Mammoth|H2H|Utah Mammoth|3.08": 1773156589.3978648,
  "EV|St Louis Blues vs New York Islanders|H2H|St Louis Blues|2.72": 1773156589.499735,
  "EV|St Louis Blues vs New York Islanders|H2H|New York Islanders|2.38": 1773156589.6136172,
  "EV|Dallas Stars vs Vegas Golden Knights|H2H|Dallas Stars|2.17": 1773156589.7607777,
  "EV|Seattle Kraken vs Nashville Predators|H2H|Seattle Kraken|2.52": 1773156589.8652778,
  "EV|Minnesota Wild vs Utah Mammoth|H2H|Minnesota Wild|2.12": 1773156589.9781206,
  "EV|Florida Panthers vs Detroit Red Wings|H2H|Florida Panthers|2.27": 1773156590.100442,
  "EV|Winnipeg Jets vs Anaheim Ducks|H2H|Winnipeg Jets|2.24": 1773156590.2083073,
  "EV|Montr\u00e9al Canadiens vs Toronto Maple Leafs|H2H|Montr\u00e9al Canadiens|2.03": 1773156590.326454,
  "EV|New York Rangers vs Calgary Flames|H2H|New York Rangers|2.24": 1773156590.4557116,
  "EV|Buffalo Sabres vs San Jose Sharks|H2H|Buffalo Sabres|1.86": 1773156590.5972974,
  "EV|Carolina Hurricanes vs Pittsburgh Penguins|H2H|Carolina Hurricanes|1.82": 1773156590.713119,
  "EV|Tampa Bay Lightning vs Columbus Blue Jackets|H2H|Tampa Bay Lightning|1.71": 1773156590.8469636,
  "EV|Real Madrid vs Atl\u00e9tico Madrid|H2H|Atl\u00e9tico Madrid|4.36": 1773156590.9688423,
  "EV|Fulham vs Burnley|H2H|Burnley|6.70": 1773156591.0890427,
  "EV|Golden State Warriors vs Chicago Bulls|H2H|Golden State Warriors|1.47": 1773156591.2076464,
  "ARB|Los Angeles Lakers vs Minnesota Timberwolves|H2H|2.36": 1773160408.2756793,
  "EV|Dallas Stars vs Vegas Golden Knights|H2H|Vegas Golden Knights|3.30": 1773160408.489733,
  "EV|Boston Bruins vs Los Angeles Kings|H2H|Los Angeles Kings|3.20": 1773160408.635782,
  "EV|Florida Panthers vs Detroit Red Wings|H2H|Florida Panthers|2.46": 1773160408.83178,
  "EV|New York Rangers vs Calgary Flames|H2H|New York Rangers|2.33": 1773160408.960064,
  "EV|Minnesota Wild vs Utah Mammoth|H2H|Utah Mammoth|3.10": 1773160409.104765,
  "EV|St Louis Blues vs New York Islanders|H2H|St Louis Blues|2.70": 1773160409.263503,
  "EV|Seattle Kraken vs Nashville Predators|H2H|Nashville Predators|2.52": 1773160409.4118316,
  "EV|St Louis Blues vs New York Islanders|H2H|New York Islanders|2.40": 1773160409.5579057,
  "EV|Seattle Kraken vs Nashville Predators|H2H|Seattle Kraken|2.53": 1773160409.6915202,
  "EV|Minnesota Wild vs Utah Mammoth|H2H|Minnesota Wild|2.13": 1773160409.8317337,
  "EV|Dallas Stars vs Vegas Golden Knights|H2H|Dallas Stars|2.16": 1773160409.97986,
  "EV|Boston Bruins vs Los Angeles Kings|H2H|Boston Bruins|2.14": 1773160410.1401227,
  "EV|Colorado Avalanche vs Edmonton Oilers|H2H|Colorado Avalanche|1.98": 1773160410.2689497,
  "EV|Florida Panthers vs Detroit Red Wings|H2H|Detroit Red Wings|2.61": 1773160410.4334962,
  "EV|Miami Heat vs Washington Wizards|H2H|Washington Wizards|8.95": 1773160410.588967,
  "EV|Milwaukee Bucks vs Phoenix Suns|H2H|Milwaukee Bucks|2.06": 1773160410.720652,
  "EV|Carolina Hurricanes vs Pittsburgh Penguins|H2H|Pittsburgh Penguins|4.20": 1773164556.0133317,
  "EV|Tampa Bay Lightning vs Columbus Blue Jackets|H2H|Columbus Blue Jackets|4.35": 1773164556.208528,
  "EV|Minnesota Wild vs Utah Mammoth|H2H|Utah Mammoth|3.15": 1773164556.4038742,
  "EV|Montr\u00e9al Canadiens vs Toronto Maple Leafs|H2H|Toronto Maple Leafs|3.30": 1773164556.5783556,
  "EV|New York Rangers vs Calgary Flames|H2H|Calgary Flames|2.80": 1773164556.7785778,
  "EV|St Louis Blues vs New York Islanders|H2H|St Louis Blues|2.68": 1773164556.992666,
  "EV|New York Rangers vs Calgary Flames|H2H|New York Rangers|2.31": 1773164557.1919196,
  "EV|Tampa Bay Lightning vs Columbus Blue Jackets|H2H|Tampa Bay Lightning|1.74": 1773164557.3971136,
  "EV|Los Angeles Lakers vs Minnesota Timberwolves|H2H|Minnesota Timberwolves|1.88": 1773164557.5859923,
  "EV|Arsenal vs Everton|H2H|Draw|5.30": 1773164557.7667248,
  "EV|Bayer Leverkusen vs Arsenal|H2H|Bayer Leverkusen|6.75": 1773164557.9737165,
  "EV|Atalanta BC vs Bayern Munich|H2H|Atalanta BC|5.20": 1773164558.1668284,
  "EV|Villarreal vs Real Sociedad|H2H|Villarreal|1.96": 1773164558.3561277,
  "EV|Winnipeg Jets vs Anaheim Ducks|H2H|Anaheim Ducks|2.88": 1773168086.5885606,
  "EV|Florida Panthers vs Detroit Red Wings|H2H|Detroit Red Wings|2.58": 1773168086.7737105,
  "EV|St Louis Blues vs New York Islanders|H2H|New York Islanders|2.41": 1773168086.8928173,
  "EV|Minnesota Wild vs Utah Mammoth|H2H|Minnesota Wild|2.16": 1773168086.9954064,
  "EV|Florida Panthers vs Detroit Red Wings|H2H|Florida Panthers|2.48": 1773168087.1091602,
  "EV|Boston Bruins vs Los Angeles Kings|H2H|Boston Bruins|2.13": 1773168087.2409825,
  "EV|Winnipeg Jets vs Anaheim Ducks|H2H|Winnipeg Jets|2.22": 1773168087.360575,
  "EV|Montr\u00e9al Canadiens vs Toronto Maple Leafs|H2H|Montr\u00e9al Canadiens|2.01": 1773168087.4812477,
  "EV|Carolina Hurricanes vs Pittsburgh Penguins|H2H|Carolina Hurricanes|1.80": 1773168087.5974646,
  "EV|Real Madrid vs Atl\u00e9tico Madrid|H2H|Atl\u00e9tico Madrid|4.32": 1773168087.7010167,
  "EV|Barcelona vs Rayo Vallecano|H2H|Rayo Vallecano|11.90": 1773168087.8179843,
  "EV|Atalanta BC vs Bayern Munich|H2H|Draw|4.85": 1773168087.9445267,
  "ARB|Galatasaray vs Liverpool|H2H|24.02": 1773171338.5947561,
  "EV|Galatasaray vs Liverpool|H2H|Liverpool|151.00": 1773171338.7909026,