{
  "EV|Vancouver Canucks vs Ottawa Senators|H2H|Vancouver Canucks|4.20": 1773070215.9237676,
  "EV|Philadelphia Flyers vs New York Rangers|H2H|New York Rangers|3.00": 1773070216.1548328,
  "EV|Columbus Blue Jackets vs Los Angeles Kings|H2H|Los Angeles Kings|2.98": 1773070216.3784769,
  "EV|Columbus Blue Jackets vs Los Angeles Kings|H2H|Columbus Blue Jackets|2.17": 1773070216.6064854,
  "EV|Chicago Blackhawks vs Utah Mammoth|H2H|Utah Mammoth|1.85": 1773070216.7994916,
  "EV|Washington Capitals vs Calgary Flames|H2H|Washington Capitals|1.88": 1773070217.0192,
  "EV|Vancouver Canucks vs Ottawa Senators|H2H|Ottawa Senators|1.75": 1773070217.2396655,
  "EV|West Ham United vs Manchester City|H2H|West Ham United|5.30": 1773070217.4875138,
  "EV|Brooklyn Nets vs Memphis Grizzlies|H2H|Memphis Grizzlies|1.88": 1773070217.693309,
  "EV|Oklahoma City Thunder vs Denver Nuggets|H2H|Oklahoma City Thunder|1.47": 1773070217.9171078,
  "EV|Atl\u00e9tico Madrid vs Tottenham Hotspur|H2H|Tottenham Hotspur|6.50": 1773070218.109815,
  "EV|Washington Capitals vs Calgary Flames|H2H|Calgary Flames|3.75": 1773075224.8643348,
  "EV|Chicago Blackhawks vs Utah Mammoth|H2H|Chicago Blackhawks|3.96": 1773075225.005685,
  "EV|Philadelphia Flyers vs New York Rangers|H2H|Philadelphia Flyers|2.22": 1773075225.1244578,
  "EV|Chicago Blackhawks vs Utah Mammoth|H2H|Utah Mammoth|1.80": 1773075225.2488832,
  "EV|Barcelona vs Rayo Vallecano|H2H|Rayo Vallecano|11.90": 1773075225.3746214,
  "EV|Chelsea vs Newcastle United|H2H|Newcastle United|4.21": 1773075225.5027585,
  "EV|Chicago Blackhawks vs Utah Mammoth|H2H|Chicago Blackhawks|4.10": 1773078228.566152,
  "EV|Columbus Blue Jackets vs Los Angeles Kings|H2H|Los Angeles Kings|3.04": 1773078228.8586981,
  "EV|Columbus Blue Jackets vs Los Angeles Kings|H2H|Columbus Blue Jackets|2.14": 1773078229.1130264,
  "EV|Washington Capitals vs Calgary Flames|H2H|Washington Capitals|1.91": 1773078229.3676777,
  "EV|Chicago Blackhawks vs Utah Mammoth|H2H|Utah Mammoth|1.78": 1773078229.635232,
  "EV|Brooklyn Nets vs Memphis Grizzlies|H2H|Brooklyn Nets|2.17": 1773078229.894579,
  "EV|Mallorca vs Espanyol|H2H|Mallorca|2.55": 1773081933.824581,
  "EV|Buffalo Sabres vs San Jose Sharks|H2H|San Jose Sharks|4.10": 1773085061.784881,
  "EV|Carolina Hurricanes vs Pittsburgh Penguins|H2H|Pittsburgh Penguins|4.20": 1773085061.9028099,
  "EV|Colorado Avalanche vs Edmonton Oilers|H2H|Edmonton Oilers|3.60": 1773085062.028843,
  "EV|Dallas Stars vs Vegas Golden Knights|H2H|Vegas Golden Knights|3.10": 1773085062.1497555,
  "EV|Philadelphia Flyers vs New York Rangers|H2H|New York Rangers|2.93": 1773085062.2650485,
  "EV|Seattle Kraken vs Nashville Predators|H2H|Nashville Predators|2.75": 1773085062.3995597,
  "EV|Florida Panthers vs Detroit Red Wings|H2H|Detroit Red Wings|2.86": 1773085062.527607,
  "EV|St Louis Blues vs New York Islanders|H2H|St Louis Blues|2.70": 1773085062.6597302,
  "EV|Montr\u00e9al Canadiens vs Toronto Maple Leafs|H2H|Toronto Maple Leafs|3.21": 1773085062.792952,
  "EV|Winnipeg Jets vs Anaheim Ducks|H2H|Anaheim Ducks|2.73": 1773085062.915102,
  "EV|St Louis Blues vs New York Islanders|H2H|New York Islanders|2.40": 1773085063.0356863,
  "EV|Columbus Blue Jackets vs Los Angeles Kings|H2H|Columbus Blue Jackets|2.11": 1773085063.1637802,
  "EV|Winnipeg Jets vs Anaheim Ducks|H2H|Winnipeg Jets|2.35": 1773085063.275872,
  "EV|Florida Panthers vs Detroit Red Wings|H2H|Florida Panthers|2.27": 1773085063.4098575,
  "EV|Columbus Blue Jackets vs Los Angeles Kings|H2H|Los Angeles Kings|3.10": 1773085063.5236201,
  "EV|Dallas Stars vs Vegas Golden Knights|H2H|Dallas Stars|2.17": 1773085063.6416957,
  "EV|Seattle Kraken vs Nashville Predators|H2H|Seattle Kraken|2.34": 1773085063.7633388,
  "EV|Montr\u00e9al Canadiens vs Toronto Maple Leafs|H2H|Montr\u00e9al Canadiens|2.04": 1773085063.8909774,
  "EV|Colorado Avalanche vs Edmonton Oilers|H2H|Colorado Avalanche|1.97": 1773085063.9806414,
  "EV|Buffalo Sabres vs San Jose Sharks|H2H|Buffalo Sabres|1.85": 1773085064.0899625,
  "EV|Carolina Hurricanes vs Pittsburgh Penguins|H2H|Carolina Hurricanes|1.81": 1773085064.2094996,
  "EV|Real Madrid vs Atl\u00e9tico Madrid|H2H|Atl\u00e9tico Madrid|4.27": 1773085064.3203259,
  "EV|Fulham vs Burnley|H2H|Burnley|6.70": 1773085064.4493737,
  "EV|Paris Saint Germain vs Chelsea|H2H|Draw|3.90": 1773085064.535569,
  "EV|Columbus Blue Jackets vs Los Angeles Kings|H2H|Columbus Blue Jackets|3.40": 1773088159.6853795,
  "EV|Philadelphia Flyers vs New York Rangers|H2H|New York Rangers|2.94": 1773088159.8611882,
  "EV|Florida Panthers vs Detroit Red Wings|H2H|Detroit Red Wings|2.88": 1773088159.9844346,
  "EV|Philadelphia Flyers vs New York Rangers|H2H|Philadelphia Flyers|2.23": 1773088160.0972471,
  "EV|Florida Panthers vs Detroit Red Wings|H2H|Florida Panthers|2.25": 1773088160.2320294,
  "EV|Columbus Blue Jackets vs Los Angeles Kings|H2H|Los Angeles Kings|1.98": 1773088160.3710637,
  "EV|Atalanta BC vs Bayern Munich|H2H|Atalanta BC|5.00": 1773088160.4675198,
  "EV|Espanyol vs Oviedo|H2H|Oviedo|2.50": 1773088160.591169
}