{
  "EV|Columbus Blue Jackets vs Los Angeles Kings|H2H|Los Angeles Kings|4.20": 1773095065.8537557,
  "EV|Columbus Blue Jackets vs Los Angeles Kings|H2H|Columbus Blue Jackets|3.20": 1773095066.0680172,
  "EV|Washington Capitals vs Calgary Flames|H2H|Calgary Flames|3.70": 1773095066.2564847,
  "EV|Los Angeles Clippers vs New York Knicks|H2H|Los Angeles Clippers|2.24": 1773095066.4862788,
  "EV|Oklahoma City Thunder vs Denver Nuggets|H2H|Oklahoma City Thunder|1.50": 1773095066.7084818,
  "ARB|Brooklyn Nets vs Memphis Grizzlies|H2H|2.38": 1773096819.9979587,
  "ARB|Oklahoma City Thunder vs Denver Nuggets|H2H|1.14": 1773096820.1556547,
  "EV|Columbus Blue Jackets vs Los Angeles Kings|H2H|Los Angeles Kings|11.00": 1773096820.2747893,
  "EV|Columbus Blue Jackets vs Los Angeles Kings|H2H|Columbus Blue Jackets|12.00": 1773096820.378605,
  "EV|Vancouver Canucks vs Ottawa Senators|H2H|Vancouver Canucks|4.11": 1773096820.480052,
  "EV|Philadelphia Flyers vs New York Rangers|H2H|New York Rangers|2.91": 1773096820.5938709,
  "EV|Philadelphia Flyers vs New York Rangers|H2H|Philadelphia Flyers|2.18": 1773096820.7108428,
  "EV|Washington Capitals vs Calgary Flames|H2H|Washington Capitals|1.88": 1773096820.821856,
  "EV|Bayer Leverkusen vs Arsenal|H2H|Bayer Leverkusen|6.40": 1773096820.9299645,
  "EV|Oklahoma City Thunder vs Denver Nuggets|H2H|Oklahoma City Thunder|1.60": 1773096821.0292468,
  "ARB|Brooklyn Nets vs Memphis Grizzlies|H2H|2.63": 1773098647.2088537,
  "EV|Vancouver Canucks vs Ottawa Senators|H2H|Vancouver Canucks|4.16": 1773098647.577555,
  "EV|Florida Panthers vs Detroit Red Wings|H2H|Detroit Red Wings|2.84": 1773098647.756484,
  "EV|Winnipeg Jets vs Anaheim Ducks|H2H|Winnipeg Jets|2.31": 1773098647.9480765,
  "EV|Florida Panthers vs Detroit Red Wings|H2H|Florida Panthers|2.26": 1773098648.1458137,
  "EV|Vancouver Canucks vs Ottawa Senators|H2H|Ottawa Senators|1.74": 1773098648.3363678,
  "EV|Barcelona vs Rayo Vallecano|H2H|Rayo Vallecano|11.90": 1773098648.5240912,
  "EV|Chelsea vs Newcastle United|H2H|Newcastle United|4.21": 1773098648.7210572,
  "EV|Bayer Leverkusen vs Arsenal|H2H|Draw|4.47": 1773098648.9107351,
  "ARB|Oklahoma City Thunder vs Denver Nuggets|H2H|7.50": 1773100197.6746104,
  "ARB|Philadelphia Flyers vs New York Rangers|H2H|6.60": 1773100197.999891,
  "ARB|Brooklyn Nets vs Memphis Grizzlies|H2H|2.12": 1773100198.1474075,
  "EV|Philadelphia Flyers vs New York Rangers|H2H|Philadelphia Flyers|17.00": 1773100198.289484,
  "EV|Colorado Avalanche vs Edmonton Oilers|H2H|Edmonton Oilers|3.40": 1773100198.4358344,
  "EV|Florida Panthers vs Detroit Red Wings|H2H|Detroit Red Wings|2.85": 1773100198.5887032,
  "EV|Buffalo Sabres vs San Jose Sharks|H2H|San Jose Sharks|3.67": 1773100198.722414,
  "EV|Washington Capitals vs Calgary Flames|H2H|Calgary Flames|21.00": 1773100198.8493438,
  "EV|Chicago Blackhawks vs Utah Mammoth|H2H|Utah Mammoth|1.78": 1773100199.0147724,
  "EV|Cleveland Cavaliers vs Philadelphia 76ers|H2H|Philadelphia 76ers|12.00": 1773100199.1542015,
  "EV|Oklahoma City Thunder vs Denver Nuggets|H2H|Oklahoma City Thunder|2.04": 1773100199.2906723,
  "EV|Brooklyn Nets vs Memphis Grizzlies|H2H|Brooklyn Nets|2.38": 1773100199.4360576,
  "EV|Philadelphia Flyers vs New York Rangers|H2H|New York Rangers|1.32": 1773100199.5610793,
  "ARB|Oklahoma City Thunder vs Denver Nuggets|H2H|16.80": 1773106989.222267,
  "EV|Oklahoma City Thunder vs Denver Nuggets|H2H|Oklahoma City Thunder|2.25": 1773106989.4869046,
  "EV|Chicago Blackhawks vs Utah Mammoth|H2H|Chicago Blackhawks|6.50": 1773106989.7435474,
  "EV|Dallas Stars vs Vegas Golden Knights|H2H|Vegas Golden Knights|3.10": 1773106990.0128264,
  "EV|Florida Panthers vs Detroit Red Wings|H2H|Detroit Red Wings|2.86": 1773106990.2657604,
  "EV|St Louis Blues vs New York Islanders|H2H|St Louis Blues|2.72": 1773106990.5204492,
  "EV|Seattle Kraken vs Nashville Predators|H2H|Nashville Predators|2.75": 1773106990.7718005,
  "EV|Buffalo Sabres vs San Jose Sharks|H2H|San Jose Sharks|3.65": 1773106991.0313091,
  "EV|St Louis Blues vs New York Islanders|H2H|New York Islanders|2.38": 1773106991.3133993,
  "EV|Dallas Stars vs Vegas Golden Knights|H2H|Dallas Stars|2.17": 1773106991.5738063,
  "EV|Florida Panthers vs Detroit Red Wings|H2H|Florida Panthers|2.27": 1773106991.82777,
  "EV|Montr\u00e9al Canadiens vs Toronto Maple Leafs|H2H|Montr\u00e9al Canadiens|2.04": 1773106992.0885484,
  "EV|Colorado Avalanche vs Edmonton Oilers|H2H|Colorado Avalanche|1.97": 1773106992.340064,
  "EV|Buffalo Sabres vs San Jose Sharks|H2H|Buffalo Sabres|1.86": 1773106992.60436,
  "EV|Carolina Hurricanes vs Pittsburgh Penguins|H2H|Carolina Hurricanes|1.81": 1773106992.8504522,
  "EV|Chicago Blackhawks vs Utah Mammoth|H2H|Utah Mammoth|1.43": 1773106993.1179178,
  "EV|Real Madrid vs Atl\u00e9tico Madrid|H2H|Atl\u00e9tico Madrid|4.27": 1773106993.3713417,
  "EV|Fulham vs Burnley|H2H|Burnley|6.70": 1773106993.6460953,
  "ARB|Los Angeles Clippers vs New York Knicks|H2H|6.83": 1773115530.924542,
  "ARB|Los Angeles Lakers vs Minnesota Timberwolves|H2H|2.95": 1773115531.1134727,
  "EV|Los Angeles Clippers vs New York Knicks|H2H|New York Knicks|4.60": 1773115531.2114193,
  "EV|Carolina Hurricanes vs Pittsburgh Penguins|H2H|Pittsburgh Penguins|4.10": 1773115531.3335228,
  "EV|Florida Panthers vs Detroit Red Wings|H2H|Detroit Red Wings|2.83": 1773115531.445252,
  "EV|St Louis Blues vs New York Islanders|H2H|St Louis Blues|2.73": 1773115531.5492423,
  "EV|Seattle Kraken vs Nashville Predators|H2H|Nashville Predators|2.73": 1773115531.668568,
  "EV|Montr\u00e9al Canadiens vs Toronto Maple Leafs|H2H|Toronto Maple Leafs|3.30": 1773115531.7717266,
  "EV|Winnipeg Jets vs Anaheim Ducks|H2H|Anaheim Ducks|2.80": 1773115531.8898213,
  "EV|Dallas Stars vs Vegas Golden Knights|H2H|Vegas Golden Knights|3.12": 1773115532.0007927,
  "EV|Dallas Stars vs Vegas Golden Knights|H2H|Dallas Stars|2.10": 1773115532.1276734,
  "EV|St Louis Blues vs New York Islanders|H2H|New York Islanders|2.35": 1773115532.2462673,
  "EV|Seattle Kraken vs Nashville Predators|H2H|Seattle Kraken|2.34": 1773115532.3538463,
  "EV|Montr\u00e9al Canadiens vs Toronto Maple Leafs|H2H|Montr\u00e9al Canadiens|2.02": 1773115532.4883657,
  "EV|Florida Panthers vs Detroit Red Wings|H2H|Florida Panthers|2.28": 1773115532.620083,
  "EV|Winnipeg Jets vs Anaheim Ducks|H2H|Winnipeg Jets|2.26": 1773115532.7481074,
  "EV|Colorado Avalanche vs Edmonton Oilers|H2H|Colorado Avalanche|1.96": 1773115532.8535395,
  "EV|Buffalo Sabres vs San Jose Sharks|H2H|Buffalo Sabres|1.85": 1773115532.9886482,
  "EV|Los Angeles Lakers vs Minnesota Timberwolves|H2H|Minnesota Timberwolves|1.88": 1773115533.1124089,
  "EV|Atalanta BC vs Bayern Munich|H2H|Atalanta BC|5.00": 1773115533.225415,
  "EV|Villarreal vs Real Sociedad|H2H|Villarreal|1.96": 1773115533.3303328
}