{
  "ARB|Florida Panthers vs Detroit Red Wings|H2H|64.51": 1773193384.3455927,
  "ARB|Philadelphia 76ers vs Memphis Grizzlies|H2H|20.37": 1773193384.6596735,
  "ARB|St Louis Blues vs New York Islanders|H2H|12.37": 1773193384.7686584,
  "ARB|San Antonio Spurs vs Boston Celtics|H2H|9.60": 1773193384.865061,
  "ARB|Dallas Stars vs Vegas Golden Knights|H2H|5.99": 1773193384.9825938,
  "ARB|Atlanta Hawks vs Dallas Mavericks|H2H|5.25": 1773193385.1084826,
  "ARB|Carolina Hurricanes vs Pittsburgh Penguins|H2H|4.59": 1773193385.2057686,
  "ARB|Milwaukee Bucks vs Phoenix Suns|H2H|4.54": 1773193385.3294473,
  "ARB|Minnesota Wild vs Utah Mammoth|H2H|3.88": 1773193385.461033,
  "ARB|Winnipeg Jets vs Anaheim Ducks|H2H|3.05": 1773193385.5836296,
  "ARB|Houston Rockets vs Toronto Raptors|H2H|2.67": 1773193385.6720974,
  "EV|Florida Panthers vs Detroit Red Wings|H2H|Detroit Red Wings|12.50": 1773193385.7956843,
  "EV|Carolina Hurricanes vs Pittsburgh Penguins|H2H|Pittsburgh Penguins|56.00": 1773193385.9171717,
  "EV|Montr\u00e9al Canadiens vs Toronto Maple Leafs|H2H|Toronto Maple Leafs|41.00": 1773193386.0497017,
  "EV|Boston Bruins vs Los Angeles Kings|H2H|Boston Bruins|13.00": 1773193386.1369014,
  "EV|Boston Bruins vs Los Angeles Kings|H2H|Los Angeles Kings|15.00": 1773193386.2312164,
  "EV|Tampa Bay Lightning vs Columbus Blue Jackets|H2H|Tampa Bay Lightning|46.00": 1773193386.3281643,
  "EV|Minnesota Wild vs Utah Mammoth|H2H|Utah Mammoth|19.00": 1773193386.410674,
  "EV|Dallas Stars vs Vegas Golden Knights|H2H|Vegas Golden Knights|9.50": 1773193386.4951613,
  "EV|Philadelphia 76ers vs Memphis Grizzlies|H2H|Memphis Grizzlies|13.00": 1773193386.61775,
  "EV|St Louis Blues vs New York Islanders|H2H|St Louis Blues|4.50": 1773193386.7154465,
  "EV|Florida Panthers vs Detroit Red Wings|H2H|Florida Panthers|19.00": 1773193386.840456,
  "EV|Atlanta Hawks vs Dallas Mavericks|H2H|Dallas Mavericks|16.00": 1773193386.958279,
  "EV|Winnipeg Jets vs Anaheim Ducks|H2H|Winnipeg Jets|4.50": 1773193387.0465024,
  "EV|Buffalo Sabres vs San Jose Sharks|H2H|San Jose Sharks|19.00": 1773193387.1445692,
  "EV|Bayern Munich vs Atalanta BC|H2H|Atalanta BC|9.95": 1773193387.2708006,
  "EV|Colorado Avalanche vs Edmonton Oilers|H2H|Colorado Avalanche|1.98": 1773193387.354844,
  "EV|Milwaukee Bucks vs Phoenix Suns|H2H|Milwaukee Bucks|2.45": 1773193387.4711514,
  "EV|San Antonio Spurs vs Boston Celtics|H2H|San Antonio Spurs|1.47": 1773193387.5852137,
  "EV|Real Madrid vs Atl\u00e9tico Madrid|H2H|Atl\u00e9tico Madrid|4.32": 1773193387.7050707,
  "EV|Liverpool vs Galatasaray|H2H|Galatasaray|10.60": 1773193387.80295,
  "EV|Barcelona vs Rayo Vallecano|H2H|Rayo Vallecano|11.90": 1773193387.9259646,
  "EV|Houston Rockets vs Toronto Raptors|H2H|Toronto Raptors|4.90": 1773193388.0242972,
  "EV|Bayern Munich vs Atalanta BC|H2H|Draw|6.55": 1773193388.1458864,
  "EV|Liverpool vs Tottenham Hotspur|H2H|Tottenham Hotspur|8.60": 1773193388.2749648,
  "EV|Liverpool vs Galatasaray|H2H|Draw|6.44": 1773193388.3635774,
  "ARB|Sacramento Kings vs Indiana Pacers|H2H|21.79": 1773201993.4957447,
  "ARB|Portland Trail Blazers vs Charlotte Hornets|H2H|20.55": 1773201993.7677839,
  "EV|Colorado Avalanche vs Edmonton Oilers|H2H|Colorado Avalanche|8.00": 1773201994.0135345,
  "EV|Seattle Kraken vs Nashville Predators|H2H|Seattle Kraken|8.50": 1773201994.2912009,
  "EV|Portland Trail Blazers vs Charlotte Hornets|H2H|Portland Trail Blazers|2.60": 1773201994.550925,
  "EV|Sacramento Kings vs Indiana Pacers|H2H|Indiana Pacers|1.56": 1773201994.982202,
  "EV|Ottawa Senators vs Montr\u00e9al Canadiens|H2H|Montr\u00e9al Canadiens|3.15": 1773201995.2278223,
  "EV|Philadelphia Flyers vs Washington Capitals|H2H|Washington Capitals|2.46": 1773201995.4787016,
  "EV|Philadelphia Flyers vs Washington Capitals|H2H|Philadelphia Flyers|2.59": 1773201995.7449253,
  "EV|Ottawa Senators vs Montr\u00e9al Canadiens|H2H|Ottawa Senators|2.06": 1773201996.0016594,
  "EV|Seattle Kraken vs Nashville Predators|H2H|Nashville Predators|1.55": 1773201996.2683027,
  "EV|Fulham vs Burnley|H2H|Burnley|6.70": 1773201996.5340338,
  "EV|Barcelona vs Sevilla|H2H|Sevilla|12.00": 1773201996.7910237,
  "EV|Chelsea vs Newcastle United|H2H|Newcastle United|4.12": 1773201997.0502124,
  "EV|Colorado Avalanche vs Edmonton Oilers|H2H|Edmonton Oilers|1.58": 1773201997.296722,
  "EV|Philadelphia Flyers vs Washington Capitals|H2H|Washington Capitals|2.45": 1773207063.83411,
  "EV|Philadelphia Flyers vs Washington Capitals|H2H|Philadelphia Flyers|2.70": 1773207063.966368,
  "EV|Liverpool vs Galatasaray|H2H|Galatasaray|10.40": 1773207064.078706,
  "EV|Bod\u00f8/Glimt vs Sporting Lisbon|H2H|Draw|3.84": 1773207064.1922383,
  "EV|Orlando Magic vs Cleveland Cavaliers|H2H|Cleveland Cavaliers|1.74": 1773207064.3133929,
  "EV|Bod\u00f8/Glimt vs Sporting Lisbon|H2H|Bod\u00f8/Glimt|2.66": 1773207064.4161098,
  "EV|Utah Jazz vs New York Knicks|H2H|Utah Jazz|6.57": 1773207064.5224185,
  "EV|Ottawa Senators vs Montr\u00e9al Canadiens|H2H|Montr\u00e9al Canadiens|3.10": 1773211595.0193589,
  "EV|Philadelphia Flyers vs Washington Capitals|H2H|Philadelphia Flyers|2.68": 1773211595.1740737,
  "EV|Ottawa Senators vs Montr\u00e9al Canadiens|H2H|Ottawa Senators|2.09": 1773211595.308598,
  "EV|Los Angeles Clippers vs Minnesota Timberwolves|H2H|Los Angeles Clippers|1.88": 1773211595.4309042,
  "EV|Bayer Leverkusen vs Arsenal|H2H|Arsenal|1.59": 1773211595.5563343,
  "EV|Villarreal vs Real Sociedad|H2H|Villarreal|1.96": 1773211595.6735373,
  "EV|Bayern Munich vs Atalanta BC|H2H|Atalanta BC|9.45": 1773214830.0442994
}