{
  "ARB|Bod\u00f8/Glimt vs Sporting Lisbon|H2H|1.52": 1773225298.0905287,
  "ARB|Orlando Magic vs Cleveland Cavaliers|H2H|1.03": 1773225298.3398688,
  "EV|Ottawa Senators vs Montr\u00e9al Canadiens|H2H|Montr\u00e9al Canadiens|3.15": 1773225298.5321836,
  "EV|Liverpool vs Galatasaray|H2H|Galatasaray|10.90": 1773225298.7530015,
  "EV|Fulham vs Burnley|H2H|Burnley|6.70": 1773225298.9415212,
  "EV|Barcelona vs Sevilla|H2H|Sevilla|12.00": 1773225299.1562629,
  "EV|Chelsea vs Newcastle United|H2H|Newcastle United|4.12": 1773225299.3688054,
  "ARB|Bod\u00f8/Glimt vs Sporting Lisbon|H2H|3.03": 1773228589.0563624,
  "EV|Bayer Leverkusen vs Arsenal|H2H|Bayer Leverkusen|7.00": 1773228589.216515,
  "ARB|Bod\u00f8/Glimt vs Sporting Lisbon|H2H|2.81": 1773230252.6832573,
  "EV|Philadelphia Flyers vs Washington Capitals|H2H|Philadelphia Flyers|2.70": 1773230253.0068731,
  "EV|Ottawa Senators vs Montr\u00e9al Canadiens|H2H|Ottawa Senators|2.06": 1773230253.2792401,
  "EV|Bod\u00f8/Glimt vs Sporting Lisbon|H2H|Bod\u00f8/Glimt|2.66": 1773230253.5328376,
  "EV|Chelsea vs Newcastle United|H2H|Newcastle United|4.21": 1773230253.7859356,
  "EV|Orlando Magic vs Cleveland Cavaliers|H2H|Cleveland Cavaliers|1.74": 1773230254.043889,
  "EV|Los Angeles Clippers vs Minnesota Timberwolves|H2H|Minnesota Timberwolves|2.24": 1773230254.3080883,
  "EV|Bod\u00f8/Glimt vs Sporting Lisbon|H2H|Draw|3.84": 1773230254.557514,
  "EV|Denver Nuggets vs Houston Rockets|H2H|Denver Nuggets|1.51": 1773230254.8049018,
  "ARB|Vancouver Canucks vs Nashville Predators|H2H|3.32": 1773234360.0470517,
  "ARB|Vegas Golden Knights vs Pittsburgh Penguins|H2H|2.95": 1773234360.318334,
  "ARB|Bod\u00f8/Glimt vs Sporting Lisbon|H2H|2.37": 1773234360.516396,
  "ARB|Minnesota Wild vs Philadelphia Flyers|H2H|2.37": 1773234360.71927,
  "ARB|Orlando Magic vs Cleveland Cavaliers|H2H|1.38": 1773234360.92656,
  "ARB|Denver Nuggets vs Houston Rockets|H2H|1.10": 1773234361.1238449,
  "EV|Bod\u00f8/Glimt vs Sporting Lisbon|H2H|Bod\u00f8/Glimt|2.62": 1773234361.3151124,
  "EV|Villarreal vs Real Sociedad|H2H|Villarreal|1.96": 1773234361.509647,
  "ARB|Vegas Golden Knights vs Pittsburgh Penguins|H2H|1.98": 1773239137.2880018,
  "ARB|New Jersey Devils vs Calgary Flames|H2H|1.94": 1773239137.4439557,
  "EV|Ottawa Senators vs Montr\u00e9al Canadiens|H2H|Montr\u00e9al Canadiens|3.40": 1773239137.56164,
  "EV|Ottawa Senators vs Montr\u00e9al Canadiens|H2H|Ottawa Senators|2.00": 1773239137.7022905,
  "EV|Bayern Munich vs Atalanta BC|H2H|Atalanta BC|9.45": 1773239137.8278763,
  "EV|Paris Saint Germain vs Chelsea|H2H|Chelsea|3.50": 1773239137.9389591,
  "ARB|Minnesota Wild vs Philadelphia Flyers|H2H|2.10": 1773241891.8954246,
  "ARB|New Jersey Devils vs Calgary Flames|H2H|1.30": 1773241892.092722,
  "ARB|Vegas Golden Knights vs Pittsburgh Penguins|H2H|1.21": 1773241892.2091901,
  "EV|Ottawa Senators vs Montr\u00e9al Canadiens|H2H|Montr\u00e9al Canadiens|3.44": 1773241892.3372188,
  "EV|Philadelphia Flyers vs Washington Capitals|H2H|Philadelphia Flyers|2.71": 1773241892.4558742,
  "EV|Philadelphia Flyers vs Washington Capitals|H2H|Washington Capitals|2.38": 1773241892.5894072,
  "EV|Ottawa Senators vs Montr\u00e9al Canadiens|H2H|Ottawa Senators|1.93": 1773241892.692868,
  "EV|Barcelona vs Rayo Vallecano|H2H|Rayo Vallecano|11.90": 1773241892.825125,
  "EV|Paris Saint Germain vs Chelsea|H2H|Chelsea|3.61": 1773241892.9501781,
  "EV|Liverpool vs Tottenham Hotspur|H2H|Tottenham Hotspur|8.60": 1773241893.067819,
  "EV|Philadelphia Flyers vs Washington Capitals|H2H|Philadelphia Flyers|2.81": 1773245369.4970279,
  "EV|Philadelphia Flyers vs Washington Capitals|H2H|Washington Capitals|2.28": 1773245369.8096845,
  "EV|Real Madrid vs Atl\u00e9tico Madrid|H2H|Atl\u00e9tico Madrid|4.01": 1773245370.0743506
}