{
  "EV|Real Madrid vs Atl\u00e9tico Madrid|H2H|Atl\u00e9tico Madrid|4.57": 1773055937.2932603,
  "EV|Chicago Blackhawks vs Utah Mammoth|H2H|Chicago Blackhawks|3.85": 1773060857.0179515,
  "EV|Philadelphia Flyers vs New York Rangers|H2H|New York Rangers|3.06": 1773060857.4031093,
  "EV|Columbus Blue Jackets vs Los Angeles Kings|H2H|Los Angeles Kings|2.94": 1773060857.5271728,
  "EV|Columbus Blue Jackets vs Los Angeles Kings|H2H|Columbus Blue Jackets|2.19": 1773060857.650284,
  "EV|Philadelphia Flyers vs New York Rangers|H2H|Philadelphia Flyers|2.15": 1773060857.7771456,
  "EV|Washington Capitals vs Calgary Flames|H2H|Washington Capitals|1.92": 1773060857.9016888,
  "EV|Vancouver Canucks vs Ottawa Senators|H2H|Ottawa Senators|1.80": 1773060858.0189908,
  "EV|Real Madrid vs Atl\u00e9tico Madrid|H2H|Atl\u00e9tico Madrid|4.27": 1773060858.1411214,
  "EV|Fulham vs Burnley|H2H|Burnley|6.70": 1773060858.2690444,
  "EV|Atalanta BC vs Bayern Munich|H2H|Atalanta BC|5.10": 1773060858.3849397,
  "EV|Philadelphia Flyers vs New York Rangers|H2H|New York Rangers|3.01": 1773065039.700567,
  "EV|Columbus Blue Jackets vs Los Angeles Kings|H2H|Los Angeles Kings|2.96": 1773065039.945535,
  "EV|Philadelphia Flyers vs New York Rangers|H2H|Philadelphia Flyers|2.18": 1773065040.0829287,
  "EV|Columbus Blue Jackets vs Los Angeles Kings|H2H|Columbus Blue Jackets|2.18": 1773065040.2021472,
  "EV|Chicago Blackhawks vs Utah Mammoth|H2H|Utah Mammoth|1.88": 1773065040.3367307,
  "EV|Washington Capitals vs Calgary Flames|H2H|Washington Capitals|1.89": 1773065040.4801905,
  "EV|Vancouver Canucks vs Ottawa Senators|H2H|Ottawa Senators|1.78": 1773065040.5997322,
  "EV|Atalanta BC vs Bayern Munich|H2H|Atalanta BC|5.00": 1773065040.720159,
  "EV|Bayer Leverkusen vs Arsenal|H2H|Draw|4.47": 1773065040.8584208,
  "EV|Vancouver Canucks vs Ottawa Senators|H2H|Vancouver Canucks|4.20": 1773070215.9237676,
  "EV|Philadelphia Flyers vs New York Rangers|H2H|New York Rangers|3.00": 1773070216.1548328,
  "EV|Columbus Blue Jackets vs Los Angeles Kings|H2H|Los Angeles Kings|2.98": 1773070216.3784769,
  "EV|Columbus Blue Jackets vs Los Angeles Kings|H2H|Columbus Blue Jackets|2.17": 1773070216.6064854,
  "EV|Chicago Blackhawks vs Utah Mammoth|H2H|Utah Mammoth|1.85": 1773070216.7994916,
  "EV|Washington Capitals vs Calgary Flames|H2H|Washington Capitals|1.88": 1773070217.0192,
  "EV|Vancouver Canucks vs Ottawa Senators|H2H|Ottawa Senators|1.75": 1773070217.2396655,
  "EV|West Ham United vs Manchester City|H2H|West Ham United|5.30": 1773070217.4875138,
  "EV|Brooklyn Nets vs Memphis Grizzlies|H2H|Memphis Grizzlies|1.88": 1773070217.693309,
  "EV|Oklahoma City Thunder vs Denver Nuggets|H2H|Oklahoma City Thunder|1.47": 1773070217.9171078,
  "EV|Atl\u00e9tico Madrid vs Tottenham Hotspur|H2H|Tottenham Hotspur|6.50": 1773070218.109815,
  "EV|Washington Capitals vs Calgary Flames|H2H|Calgary Flames|3.75": 1773075224.8643348,
  "EV|Chicago Blackhawks vs Utah Mammoth|H2H|Chicago Blackhawks|3.96": 1773075225.005685,
  "EV|Philadelphia Flyers vs New York Rangers|H2H|Philadelphia Flyers|2.22": 1773075225.1244578,
  "EV|Chicago Blackhawks vs Utah Mammoth|H2H|Utah Mammoth|1.80": 1773075225.2488832,
  "EV|Barcelona vs Rayo Vallecano|H2H|Rayo Vallecano|11.90": 1773075225.3746214,
  "EV|Chelsea vs Newcastle United|H2H|Newcastle United|4.21": 1773075225.5027585
}