{
  "ARB|Real Madrid vs Atl\u00e9tico Madrid|H2H|1.06": 1773038228.6247826,
  "EV|Washington Capitals vs Calgary Flames|H2H|Calgary Flames|3.65": 1773038228.8453107,
  "EV|Chicago Blackhawks vs Utah Mammoth|H2H|Chicago Blackhawks|3.75": 1773038228.9598365,
  "EV|Philadelphia Flyers vs New York Rangers|H2H|New York Rangers|3.06": 1773038229.0594134,
  "EV|Vancouver Canucks vs Ottawa Senators|H2H|Vancouver Canucks|3.81": 1773038229.182237,
  "EV|Columbus Blue Jackets vs Los Angeles Kings|H2H|Los Angeles Kings|2.92": 1773038229.2688987,
  "EV|Columbus Blue Jackets vs Los Angeles Kings|H2H|Columbus Blue Jackets|2.23": 1773038229.394468,
  "EV|Philadelphia Flyers vs New York Rangers|H2H|Philadelphia Flyers|2.15": 1773038229.5228646,
  "EV|Washington Capitals vs Calgary Flames|H2H|Washington Capitals|1.94": 1773038229.6176457,
  "EV|Chicago Blackhawks vs Utah Mammoth|H2H|Utah Mammoth|1.90": 1773038229.7271872,
  "EV|Vancouver Canucks vs Ottawa Senators|H2H|Ottawa Senators|1.82": 1773038229.844776,
  "EV|Real Madrid vs Atl\u00e9tico Madrid|H2H|Atl\u00e9tico Madrid|4.25": 1773038229.9314804,
  "EV|Atalanta BC vs Bayern Munich|H2H|Atalanta BC|5.10": 1773038230.0187848,
  "EV|Fulham vs Burnley|H2H|Burnley|6.70": 1773038230.1173499,
  "EV|Arsenal vs Everton|H2H|Everton|12.00": 1773038230.2137392,
  "EV|Chelsea vs Newcastle United|H2H|Newcastle United|4.30": 1773038230.3148565,
  "EV|Real Madrid vs Atl\u00e9tico Madrid|H2H|Draw|4.10": 1773038230.4253592,
  "EV|Villarreal vs Real Sociedad|H2H|Villarreal|1.97": 1773038230.555927,
  "EV|Atl\u00e9tico Madrid vs Tottenham Hotspur|H2H|Tottenham Hotspur|6.00": 1773038230.6812692,
  "EV|Liverpool vs Tottenham Hotspur|H2H|Tottenham Hotspur|8.50": 1773038230.7772467,
  "EV|Chicago Blackhawks vs Utah Mammoth|H2H|Utah Mammoth|1.88": 1773042488.922674,
  "EV|Oklahoma City Thunder vs Denver Nuggets|H2H|Denver Nuggets|3.35": 1773042489.3515706,
  "EV|Bayer Leverkusen vs Arsenal|H2H|Draw|4.47": 1773042489.6093621,
  "EV|Villarreal vs Real Sociedad|H2H|Villarreal|1.96": 1773042489.870484,
  "EV|Washington Capitals vs Calgary Flames|H2H|Calgary Flames|3.90": 1773045568.8770783,
  "EV|Vancouver Canucks vs Ottawa Senators|H2H|Vancouver Canucks|3.85": 1773045569.153242,
  "EV|Chelsea vs Newcastle United|H2H|Newcastle United|4.25": 1773045569.4083126,
  "EV|Vancouver Canucks vs Ottawa Senators|H2H|Vancouver Canucks|4.00": 1773049457.8908317,
  "EV|Washington Capitals vs Calgary Flames|H2H|Washington Capitals|1.93": 1773049458.3172588,
  "EV|Vancouver Canucks vs Ottawa Senators|H2H|Ottawa Senators|1.81": 1773049458.5684874,
  "EV|Oklahoma City Thunder vs Denver Nuggets|H2H|Denver Nuggets|3.48": 1773049458.8189795,
  "EV|Chelsea vs Newcastle United|H2H|Newcastle United|4.21": 1773049459.063364
}