{
  "ARB|Edmonton Oilers vs Carolina Hurricanes|TOTALS 6.5|3.81": 1772796499.9189851,
  "EV|Edmonton Oilers vs Carolina Hurricanes|TOTALS 6.5|Over|2.04": 1772796500.1577795,
  "ARB|Anaheim Ducks vs Montr\u00e9al Canadiens|TOTALS 6.5|3.37": 1772801686.4793813,
  "EV|Anaheim Ducks vs Montr\u00e9al Canadiens|TOTALS 6.5|Over|2.09": 1772801686.7527475,
  "EV|Phoenix Suns vs New Orleans Pelicans|TOTALS 226.5|Over|1.98": 1772801686.8541527
}