{
  "EV|Colorado Avalanche vs Edmonton Oilers|H2H|Edmonton Oilers|3.40": 1773124958.9136093,
  "EV|Buffalo Sabres vs San Jose Sharks|H2H|San Jose Sharks|3.67": 1773124959.1854792,
  "EV|Minnesota Wild vs Utah Mammoth|H2H|Minnesota Wild|2.13": 1773124959.4337428,
  "EV|New York Rangers vs Calgary Flames|H2H|New York Rangers|2.35": 1773124959.6817317,
  "EV|Real Madrid vs Atl\u00e9tico Madrid|H2H|Atl\u00e9tico Madrid|4.36": 1773124959.9306126,
  "EV|San Antonio Spurs vs Boston Celtics|H2H|Boston Celtics|2.40": 1773124960.201615,
  "ARB|Los Angeles Lakers vs Minnesota Timberwolves|H2H|1.97": 1773128310.0604641,
  "EV|Florida Panthers vs Detroit Red Wings|H2H|Detroit Red Wings|2.82": 1773128310.3253314,
  "EV|Winnipeg Jets vs Anaheim Ducks|H2H|Anaheim Ducks|2.81": 1773128310.5685449,
  "EV|Minnesota Wild vs Utah Mammoth|H2H|Utah Mammoth|3.06": 1773128310.8108227,
  "EV|St Louis Blues vs New York Islanders|H2H|New York Islanders|2.33": 1773128311.0382698,
  "EV|Florida Panthers vs Detroit Red Wings|H2H|Florida Panthers|2.29": 1773128311.2738912,
  "EV|Winnipeg Jets vs Anaheim Ducks|H2H|Winnipeg Jets|2.27": 1773128311.512761,
  "EV|Boston Bruins vs Los Angeles Kings|H2H|Boston Bruins|2.14": 1773128311.7508273,
  "EV|Los Angeles Lakers vs Minnesota Timberwolves|H2H|Los Angeles Lakers|2.23": 1773128311.976863,
  "EV|Liverpool vs Tottenham Hotspur|H2H|Tottenham Hotspur|8.60": 1773128312.2290933,
  "EV|Milwaukee Bucks vs Phoenix Suns|H2H|Milwaukee Bucks|2.23": 1773128312.449902,
  "EV|Buffalo Sabres vs San Jose Sharks|H2H|San Jose Sharks|3.65": 1773131788.4477708,
  "EV|New York Rangers vs Calgary Flames|H2H|Calgary Flames|2.79": 1773131788.8409328,
  "EV|Seattle Kraken vs Nashville Predators|H2H|Nashville Predators|2.65": 1773131789.0890725,
  "EV|Minnesota Wild vs Utah Mammoth|H2H|Utah Mammoth|3.08": 1773131789.3592257,
  "EV|Seattle Kraken vs Nashville Predators|H2H|Seattle Kraken|2.41": 1773131789.6161506,
  "EV|New York Rangers vs Calgary Flames|H2H|New York Rangers|2.29": 1773131789.8891623,
  "EV|Buffalo Sabres vs San Jose Sharks|H2H|Buffalo Sabres|1.86": 1773131790.1509244,
  "EV|Carolina Hurricanes vs Pittsburgh Penguins|H2H|Carolina Hurricanes|1.81": 1773131790.4262104,
  "EV|Fulham vs Burnley|H2H|Burnley|6.70": 1773131790.685707,
  "EV|Bournemouth vs Manchester United|H2H|Bournemouth|3.25": 1773131790.962491,
  "EV|Milwaukee Bucks vs Phoenix Suns|H2H|Milwaukee Bucks|2.21": 1773131791.2189133,
  "EV|Sacramento Kings vs Indiana Pacers|H2H|Indiana Pacers|2.54": 1773131791.4744172,
  "EV|Golden State Warriors vs Chicago Bulls|H2H|Golden State Warriors|1.47": 1773131791.731452,
  "EV|Florida Panthers vs Detroit Red Wings|H2H|Detroit Red Wings|2.81": 1773135563.092058,
  "EV|New York Rangers vs Calgary Flames|H2H|Calgary Flames|2.76": 1773135563.3714788,
  "EV|Boston Bruins vs Los Angeles Kings|H2H|Los Angeles Kings|3.00": 1773135563.621088,
  "EV|New York Rangers vs Calgary Flames|H2H|New York Rangers|2.32": 1773135563.8752213,
  "EV|Florida Panthers vs Detroit Red Wings|H2H|Florida Panthers|2.30": 1773135564.1283135,
  "EV|Milwaukee Bucks vs Phoenix Suns|H2H|Milwaukee Bucks|2.20": 1773135564.3778625,
  "EV|Carolina Hurricanes vs Pittsburgh Penguins|H2H|Pittsburgh Penguins|4.10": 1773138911.408855,
  "EV|Colorado Avalanche vs Edmonton Oilers|H2H|Edmonton Oilers|3.60": 1773138911.6099055,
  "EV|Minnesota Wild vs Utah Mammoth|H2H|Utah Mammoth|3.30": 1773138911.749952,
  "EV|Tampa Bay Lightning vs Columbus Blue Jackets|H2H|Columbus Blue Jackets|4.10": 1773138911.8485804,
  "EV|New York Rangers vs Calgary Flames|H2H|Calgary Flames|2.80": 1773138911.9395247,
  "EV|Winnipeg Jets vs Anaheim Ducks|H2H|Anaheim Ducks|2.80": 1773138912.0644765,
  "EV|Boston Bruins vs Los Angeles Kings|H2H|Los Angeles Kings|3.02": 1773138912.155937,
  "EV|Dallas Stars vs Vegas Golden Knights|H2H|Vegas Golden Knights|3.15": 1773138912.2554474,
  "EV|Montr\u00e9al Canadiens vs Toronto Maple Leafs|H2H|Toronto Maple Leafs|3.30": 1773138912.3879726,
  "EV|Dallas Stars vs Vegas Golden Knights|H2H|Dallas Stars|2.10": 1773138912.4926908,
  "EV|Montr\u00e9al Canadiens vs Toronto Maple Leafs|H2H|Montr\u00e9al Canadiens|2.02": 1773138912.6240182,
  "EV|New York Rangers vs Calgary Flames|H2H|New York Rangers|2.31": 1773138912.7536547,
  "EV|Minnesota Wild vs Utah Mammoth|H2H|Minnesota Wild|2.11": 1773138912.893944,
  "EV|Colorado Avalanche vs Edmonton Oilers|H2H|Colorado Avalanche|1.96": 1773138913.0430605,
  "EV|Los Angeles Lakers vs Minnesota Timberwolves|H2H|Minnesota Timberwolves|1.88": 1773138913.1787856,
  "EV|Villarreal vs Real Sociedad|H2H|Villarreal|1.96": 1773138913.3178148,
  "ARB|Los Angeles Lakers vs Minnesota Timberwolves|H2H|1.15": 1773142181.4147801,
  "EV|Tampa Bay Lightning vs Columbus Blue Jackets|H2H|Columbus Blue Jackets|4.35": 1773142181.6178014,
  "EV|Carolina Hurricanes vs Pittsburgh Penguins|H2H|Pittsburgh Penguins|3.95": 1773142181.7562764,
  "EV|Minnesota Wild vs Utah Mammoth|H2H|Utah Mammoth|3.15": 1773142181.9024508,
  "EV|Boston Bruins vs Los Angeles Kings|H2H|Los Angeles Kings|3.06": 1773142182.0344124,
  "EV|St Louis Blues vs New York Islanders|H2H|New York Islanders|2.35": 1773142182.170497,
  "EV|Boston Bruins vs Los Angeles Kings|H2H|Boston Bruins|2.13": 1773142182.3200629,
  "EV|Montr\u00e9al Canadiens vs Toronto Maple Leafs|H2H|Montr\u00e9al Canadiens|2.00": 1773142182.464235,
  "EV|Tampa Bay Lightning vs Columbus Blue Jackets|H2H|Tampa Bay Lightning|1.73": 1773142182.6108043,
  "EV|Bayer Leverkusen vs Arsenal|H2H|Bayer Leverkusen|6.50": 1773142182.7441812,
  "EV|Arsenal vs Everton|H2H|Draw|5.25": 1773142182.8800364,
  "EV|Milwaukee Bucks vs Phoenix Suns|H2H|Milwaukee Bucks|2.15": 1773142183.036394,
  "EV|Seattle Kraken vs Nashville Predators|H2H|Nashville Predators|2.70": 1773143810.5835657,
  "EV|Dallas Stars vs Vegas Golden Knights|H2H|Vegas Golden Knights|3.20": 1773143810.7503233,
  "EV|Florida Panthers vs Detroit Red Wings|H2H|Detroit Red Wings|2.80": 1773143810.8697968,
  "EV|New York Rangers vs Calgary Flames|H2H|Calgary Flames|2.77": 1773143810.9724672,
  "EV|St Louis Blues vs New York Islanders|H2H|St Louis Blues|2.76": 1773143811.1045077,
  "EV|Florida Panthers vs Detroit Red Wings|H2H|Florida Panthers|2.32": 1773143811.2272615,
  "EV|Buffalo Sabres vs San Jose Sharks|H2H|Buffalo Sabres|1.85": 1773143811.3493295,
  "EV|Real Madrid vs Atl\u00e9tico Madrid|H2H|Atl\u00e9tico Madrid|4.32": 1773143811.4864786,
  "EV|Barcelona vs Rayo Vallecano|H2H|Rayo Vallecano|11.90": 1773143811.5903106,
  "EV|Atalanta BC vs Bayern Munich|H2H|Draw|4.85": 1773143811.7116523,
  "EV|Chelsea vs Newcastle United|H2H|Newcastle United|4.21": 1773143811.8206656,
  "EV|Bayer Leverkusen vs Arsenal|H2H|Draw|4.47": 1773143811.9303272,
  "EV|Milwaukee Bucks vs Phoenix Suns|H2H|Milwaukee Bucks|2.08": 1773143812.0382316
}