{
  "ARB|Vegas Golden Knights vs Pittsburgh Penguins|H2H|1.98": 1773239137.2880018,
  "ARB|New Jersey Devils vs Calgary Flames|H2H|1.94": 1773239137.4439557,
  "EV|Ottawa Senators vs Montr\u00e9al Canadiens|H2H|Montr\u00e9al Canadiens|3.40": 1773239137.56164,
  "EV|Ottawa Senators vs Montr\u00e9al Canadiens|H2H|Ottawa Senators|2.00": 1773239137.7022905,
  "EV|Bayern Munich vs Atalanta BC|H2H|Atalanta BC|9.45": 1773239137.8278763,
  "EV|Paris Saint Germain vs Chelsea|H2H|Chelsea|3.50": 1773239137.9389591,
  "ARB|Minnesota Wild vs Philadelphia Flyers|H2H|2.10": 1773241891.8954246,
  "ARB|New Jersey Devils vs Calgary Flames|H2H|1.30": 1773241892.092722,
  "ARB|Vegas Golden Knights vs Pittsburgh Penguins|H2H|1.21": 1773241892.2091901,
  "EV|Ottawa Senators vs Montr\u00e9al Canadiens|H2H|Montr\u00e9al Canadiens|3.44": 1773241892.3372188,
  "EV|Philadelphia Flyers vs Washington Capitals|H2H|Philadelphia Flyers|2.71": 1773241892.4558742,
  "EV|Philadelphia Flyers vs Washington Capitals|H2H|Washington Capitals|2.38": 1773241892.5894072,
  "EV|Ottawa Senators vs Montr\u00e9al Canadiens|H2H|Ottawa Senators|1.93": 1773241892.692868,
  "EV|Barcelona vs Rayo Vallecano|H2H|Rayo Vallecano|11.90": 1773241892.825125,
  "EV|Paris Saint Germain vs Chelsea|H2H|Chelsea|3.61": 1773241892.9501781,
  "EV|Liverpool vs Tottenham Hotspur|H2H|Tottenham Hotspur|8.60": 1773241893.067819,
  "EV|Philadelphia Flyers vs Washington Capitals|H2H|Philadelphia Flyers|2.81": 1773245369.4970279,
  "EV|Philadelphia Flyers vs Washington Capitals|H2H|Washington Capitals|2.28": 1773245369.8096845,
  "EV|Real Madrid vs Atl\u00e9tico Madrid|H2H|Atl\u00e9tico Madrid|4.01": 1773245370.0743506,
  "ARB|Denver Nuggets vs Houston Rockets|H2H|3.19": 1773249940.339302,
  "EV|Carolina Hurricanes vs St Louis Blues|H2H|St Louis Blues|5.10": 1773249940.5633287,
  "EV|Ottawa Senators vs Montr\u00e9al Canadiens|H2H|Montr\u00e9al Canadiens|3.75": 1773249940.7598226,
  "EV|Tampa Bay Lightning vs Detroit Red Wings|H2H|Detroit Red Wings|3.80": 1773249940.9774346,
  "EV|Boston Bruins vs San Jose Sharks|H2H|San Jose Sharks|3.40": 1773249941.1872437,
  "EV|New Jersey Devils vs Calgary Flames|H2H|Calgary Flames|3.40": 1773249941.378246,
  "EV|Winnipeg Jets vs New York Rangers|H2H|New York Rangers|3.25": 1773249941.6128523,
  "EV|Utah Mammoth vs Chicago Blackhawks|H2H|Chicago Blackhawks|4.06": 1773249941.8160539,
  "EV|Seattle Kraken vs Colorado Avalanche|H2H|Seattle Kraken|3.63": 1773249942.0282867,
  "EV|Vegas Golden Knights vs Pittsburgh Penguins|H2H|Pittsburgh Penguins|3.15": 1773249942.228235,
  "EV|Dallas Stars vs Edmonton Oilers|H2H|Edmonton Oilers|2.88": 1773249942.4238374,
  "EV|Vancouver Canucks vs Nashville Predators|H2H|Vancouver Canucks|3.10": 1773249942.6436453,
  "EV|Philadelphia Flyers vs Washington Capitals|H2H|Washington Capitals|2.25": 1773249942.8289356,
  "EV|Florida Panthers vs Columbus Blue Jackets|H2H|Columbus Blue Jackets|2.62": 1773249943.0536196,
  "EV|Philadelphia Flyers vs Washington Capitals|H2H|Philadelphia Flyers|2.86": 1773249943.2781081,
  "EV|Toronto Maple Leafs vs Anaheim Ducks|H2H|Toronto Maple Leafs|2.48": 1773249943.5106928,
  "EV|Florida Panthers vs Columbus Blue Jackets|H2H|Florida Panthers|2.40": 1773249943.7386014,
  "EV|Toronto Maple Leafs vs Anaheim Ducks|H2H|Anaheim Ducks|2.51": 1773249943.9268446,
  "EV|Vancouver Canucks vs Nashville Predators|H2H|Nashville Predators|2.11": 1773249944.1232555,
  "EV|Winnipeg Jets vs New York Rangers|H2H|Winnipeg Jets|2.07": 1773249944.332483,
  "EV|Ottawa Senators vs Montr\u00e9al Canadiens|H2H|Ottawa Senators|1.92": 1773249944.552087,
  "EV|Vegas Golden Knights vs Pittsburgh Penguins|H2H|Vegas Golden Knights|2.09": 1773249944.7755842,
  "EV|New Jersey Devils vs Calgary Flames|H2H|New Jersey Devils|2.00": 1773249944.9616659,
  "EV|Dallas Stars vs Edmonton Oilers|H2H|Dallas Stars|2.21": 1773249945.151766,
  "EV|Boston Bruins vs San Jose Sharks|H2H|Boston Bruins|1.99": 1773249945.365023,
  "EV|Seattle Kraken vs Colorado Avalanche|H2H|Colorado Avalanche|1.88": 1773249945.5923965,
  "EV|Utah Mammoth vs Chicago Blackhawks|H2H|Utah Mammoth|1.77": 1773249945.7933853,
  "EV|Tampa Bay Lightning vs Detroit Red Wings|H2H|Tampa Bay Lightning|1.84": 1773249946.0044303,
  "EV|Carolina Hurricanes vs St Louis Blues|H2H|Carolina Hurricanes|1.63": 1773249946.2038682,
  "EV|Liverpool vs Galatasaray|H2H|Galatasaray|10.90": 1773249946.4326243,
  "EV|Real Madrid vs Atl\u00e9tico Madrid|H2H|Atl\u00e9tico Madrid|4.02": 1773249946.6292377,
  "EV|Fulham vs Burnley|H2H|Burnley|6.70": 1773249946.8428407,
  "EV|Barcelona vs Newcastle United|H2H|Newcastle United|5.30": 1773249947.047157,
  "EV|Chelsea vs Newcastle United|H2H|Newcastle United|4.12": 1773249947.2617621,
  "EV|Tottenham Hotspur vs Atl\u00e9tico Madrid|H2H|Tottenham Hotspur|2.63": 1773249947.4714644,
  "ARB|Denver Nuggets vs Houston Rockets|H2H|3.47": 1773252558.3692963,
  "EV|Philadelphia Flyers vs Washington Capitals|H2H|Philadelphia Flyers|2.84": 1773252558.504166,
  "EV|Philadelphia Flyers vs Washington Capitals|H2H|Washington Capitals|2.26": 1773252558.624676,
  "EV|Denver Nuggets vs Houston Rockets|H2H|Denver Nuggets|1.51": 1773252558.7352123,
  "EV|Carolina Hurricanes vs St Louis Blues|H2H|St Louis Blues|5.00": 1773256478.8867757,
  "EV|New Jersey Devils vs Calgary Flames|H2H|Calgary Flames|3.50": 1773256479.1739485,
  "EV|Winnipeg Jets vs New York Rangers|H2H|New York Rangers|3.35": 1773256479.30317,
  "EV|Boston Bruins vs San Jose Sharks|H2H|San Jose Sharks|3.35": 1773256479.414705,
  "EV|Ottawa Senators vs Montr\u00e9al Canadiens|H2H|Montr\u00e9al Canadiens|3.55": 1773256479.5422256,
  "EV|Vancouver Canucks vs Nashville Predators|H2H|Vancouver Canucks|3.06": 1773256479.6525464,
  "EV|Florida Panthers vs Columbus Blue Jackets|H2H|Columbus Blue Jackets|2.60": 1773256479.8520925,
  "EV|Toronto Maple Leafs vs Anaheim Ducks|H2H|Anaheim Ducks|2.50": 1773256479.9809911,
  "EV|Toronto Maple Leafs vs Anaheim Ducks|H2H|Toronto Maple Leafs|2.50": 1773256480.1872902,
  "EV|Florida Panthers vs Columbus Blue Jackets|H2H|Florida Panthers|2.42": 1773256480.5256116,
  "EV|Ottawa Senators vs Montr\u00e9al Canadiens|H2H|Ottawa Senators|1.94": 1773256480.6418972,
  "EV|Dallas Stars vs Edmonton Oilers|H2H|Dallas Stars|2.23": 1773256480.7667046,
  "EV|Winnipeg Jets vs New York Rangers|H2H|Winnipeg Jets|2.06": 1773256480.8746097,
  "EV|Villarreal vs Real Sociedad|H2H|Villarreal|1.96": 1773256481.0024905
}