{
  "ARB|Edmonton Oilers vs Carolina Hurricanes|TOTALS 6.5|3.38": 1772782120.6977978,
  "EV|Edmonton Oilers vs Carolina Hurricanes|TOTALS 6.5|Over|2.08": 1772782121.068139,
  "ARB|Anaheim Ducks vs Montr\u00e9al Canadiens|TOTALS 6.5|3.12": 1772786232.8557577,
  "EV|Anaheim Ducks vs Montr\u00e9al Canadiens|TOTALS 6.5|Over|2.10": 1772786233.32277,
  "ARB|Edmonton Oilers vs Carolina Hurricanes|TOTALS 6.5|3.61": 1772789860.2356453,
  "EV|Edmonton Oilers vs Carolina Hurricanes|TOTALS 6.5|Over|2.06": 1772789860.3844614,
  "ARB|Anaheim Ducks vs Montr\u00e9al Canadiens|TOTALS 6.5|3.60": 1772793250.2100904,
  "EV|Dallas Stars vs Colorado Avalanche|TOTALS 6.0|Over|2.00": 1772793250.3811047,
  "EV|Detroit Red Wings vs Florida Panthers|TOTALS 6.0|Over|2.08": 1772793250.5149872,
  "EV|KK Crvena zvezda vs FC Bayern M\u00fcnchen|TOTALS 168.5|Over|1.93": 1772793250.6136494,
  "ARB|Edmonton Oilers vs Carolina Hurricanes|TOTALS 6.5|3.81": 1772796499.9189851,
  "EV|Edmonton Oilers vs Carolina Hurricanes|TOTALS 6.5|Over|2.04": 1772796500.1577795,
  "ARB|Anaheim Ducks vs Montr\u00e9al Canadiens|TOTALS 6.5|3.37": 1772801686.4793813,
  "EV|Anaheim Ducks vs Montr\u00e9al Canadiens|TOTALS 6.5|Over|2.09": 1772801686.7527475,
  "EV|Phoenix Suns vs New Orleans Pelicans|TOTALS 226.5|Over|1.98": 1772801686.8541527
}