{
  "ARB|Edmonton Oilers vs Carolina Hurricanes|TOTALS 6.5|3.38": 1772782120.6977978,
  "EV|Edmonton Oilers vs Carolina Hurricanes|TOTALS 6.5|Over|2.08": 1772782121.068139,
  "ARB|Anaheim Ducks vs Montr\u00e9al Canadiens|TOTALS 6.5|3.12": 1772786232.8557577,
  "EV|Anaheim Ducks vs Montr\u00e9al Canadiens|TOTALS 6.5|Over|2.10": 1772786233.32277,
  "ARB|Edmonton Oilers vs Carolina Hurricanes|TOTALS 6.5|3.61": 1772789860.2356453,
  "EV|Edmonton Oilers vs Carolina Hurricanes|TOTALS 6.5|Over|2.06": 1772789860.3844614
}