{
  "Edmonton Oilers vs Carolina Hurricanes|TOTALS_6.5|ARB|3.61": 1772775905.7364464,
  "Edmonton Oilers vs Carolina Hurricanes|TOTALS_6.5|Over|2.06": 1772775905.847283
}