{
  "ARB|Getafe vs Real Betis|H2H|33.13": 1772980375.22065,
  "ARB|Valencia vs Alav\u00e9s|H2H|30.29": 1772980375.6151772,
  "ARB|Mallorca vs Espanyol|H2H|30.29": 1772980375.864179,
  "ARB|Sevilla vs Rayo Vallecano|H2H|29.91": 1772980376.1311593,
  "ARB|Crystal Palace vs Leeds United|H2H|28.82": 1772980376.3778672,
  "ARB|Washington Capitals vs Calgary Flames|H2H|28.47": 1772980376.6327937,
  "ARB|Real Betis vs Celta Vigo|H2H|28.36": 1772980376.8742256,
  "ARB|Oviedo vs Valencia|H2H|27.88": 1772980377.1246383,
  "ARB|Espanyol vs Oviedo|H2H|27.76": 1772980377.3755193,
  "ARB|Girona vs Athletic Bilbao|H2H|27.51": 1772980377.624524,
  "ARB|Tottenham Hotspur vs Nottingham Forest|H2H|27.41": 1772980377.8691628,
  "ARB|Sunderland vs Brighton and Hove Albion|H2H|26.98": 1772980378.1166246,
  "ARB|Nottingham Forest vs Fulham|H2H|26.59": 1772980378.380717,
  "ARB|Atl\u00e9tico Madrid vs Getafe|H2H|26.43": 1772980378.6133976,
  "ARB|Real Sociedad vs CA Osasuna|H2H|26.35": 1772980378.872305,
  "ARB|Leeds United vs Brentford|H2H|26.20": 1772980379.1394923,
  "ARB|Alav\u00e9s vs Villarreal|H2H|26.14": 1772980379.3932002,
  "ARB|Chicago Blackhawks vs Utah Mammoth|H2H|25.26": 1772980379.664866,
  "ARB|Bod\u00f8/Glimt vs Sporting Lisbon|H2H|24.95": 1772980379.9077408,
  "ARB|Aston Villa vs West Ham United|H2H|24.39": 1772980380.1417596,
  "ARB|Brighton and Hove Albion vs Liverpool|H2H|24.13": 1772980380.3973038,
  "ARB|Everton vs Chelsea|H2H|24.04": 1772980380.622872,
  "ARB|Newcastle United vs Sunderland|H2H|24.01": 1772980380.8544652,
  "ARB|Real Madrid vs Manchester City|H2H|23.83": 1772980381.1099753,
  "ARB|Rayo Vallecano vs Levante|H2H|23.78": 1772980381.3765557,
  "ARB|Burnley vs Bournemouth|H2H|23.43": 1772980381.6186297,
  "ARB|Paris Saint Germain vs Chelsea|H2H|23.39": 1772980381.8629925,
  "ARB|Bournemouth vs Manchester United|H2H|23.36": 1772980382.1098976,
  "ARB|Newcastle United vs Barcelona|H2H|23.32": 1772980382.3554885,
  "ARB|Galatasaray vs Liverpool|H2H|22.50": 1772980382.6265552,
  "ARB|Chelsea vs Newcastle United|H2H|22.10": 1772980382.8776472,
  "ARB|Colorado Avalanche vs Minnesota Wild|H2H|21.58": 1772980383.132597,
  "ARB|Brentford vs Wolverhampton Wanderers|H2H|21.44": 1772980383.3793085,
  "ARB|Real Madrid vs Atl\u00e9tico Madrid|H2H|21.40": 1772980383.6313045,
  "ARB|Fulham vs Burnley|H2H|21.38": 1772980383.8823276,
  "ARB|New Jersey Devils vs Detroit Red Wings|H2H|21.25": 1772980384.134109,
  "ARB|Bayer Leverkusen vs Arsenal|H2H|21.11": 1772980384.379541,
  "ARB|Manchester United vs Aston Villa|H2H|21.04": 1772980384.624164,
  "ARB|Philadelphia Flyers vs New York Rangers|H2H|20.92": 1772980384.8592098,
  "ARB|Atalanta BC vs Bayern Munich|H2H|20.87": 1772980385.0958285,
  "ARB|Columbus Blue Jackets vs Los Angeles Kings|H2H|20.63": 1772980385.3554273,
  "ARB|Anaheim Ducks vs St Louis Blues|H2H|20.59": 1772980385.624453,
  "ARB|West Ham United vs Manchester City|H2H|20.50": 1772980385.8761928,
  "ARB|Pittsburgh Penguins vs Boston Bruins|H2H|20.31": 1772980386.141985,
  "ARB|Buffalo Sabres vs Tampa Bay Lightning|H2H|20.12": 1772980386.383797,
  "ARB|Vancouver Canucks vs Ottawa Senators|H2H|19.97": 1772980386.617706,
  "ARB|Atl\u00e9tico Madrid vs Tottenham Hotspur|H2H|19.87": 1772980386.878623,
  "ARB|Vegas Golden Knights vs Edmonton Oilers|H2H|19.68": 1772980387.103602,
  "ARB|Arsenal vs Everton|H2H|18.67": 1772980387.3367023,
  "ARB|Dallas Stars vs Chicago Blackhawks|H2H|18.24": 1772980387.7156718,
  "ARB|Liverpool vs Tottenham Hotspur|H2H|14.71": 1772980387.9707437,
  "ARB|Real Madrid vs Elche CF|H2H|12.64": 1772980388.2154574,
  "ARB|Barcelona vs Sevilla|H2H|12.56": 1772980388.4563167,
  "ARB|Washington Capitals vs Calgary Flames|H2H|5.74": 1772980388.702358,
  "ARB|Chicago Blackhawks vs Utah Mammoth|H2H|2.32": 1772980388.9701724,
  "EV|Colorado Avalanche vs Minnesota Wild|H2H|Minnesota Wild|3.65": 1772980389.2366047,
  "EV|Dallas Stars vs Chicago Blackhawks|H2H|Chicago Blackhawks|4.57": 1772980389.4911573,
  "EV|Anaheim Ducks vs St Louis Blues|H2H|St Louis Blues|3.40": 1772980389.7337937,
  "EV|Pittsburgh Penguins vs Boston Bruins|H2H|Boston Bruins|2.68": 1772980389.9892108,
  "EV|New Jersey Devils vs Detroit Red Wings|H2H|Detroit Red Wings|2.52": 1772980390.2423925,
  "EV|New Jersey Devils vs Detroit Red Wings|H2H|New Jersey Devils|2.56": 1772980390.4830105,
  "EV|Buffalo Sabres vs Tampa Bay Lightning|H2H|Buffalo Sabres|2.56": 1772980390.7314484,
  "EV|Vegas Golden Knights vs Edmonton Oilers|H2H|Edmonton Oilers|2.50": 1772980390.9743662,
  "EV|Buffalo Sabres vs Tampa Bay Lightning|H2H|Tampa Bay Lightning|2.45": 1772980391.2067168,
  "EV|Vegas Golden Knights vs Edmonton Oilers|H2H|Vegas Golden Knights|2.48": 1772980391.4366891,
  "EV|Pittsburgh Penguins vs Boston Bruins|H2H|Pittsburgh Penguins|2.36": 1772980391.6943161,
  "EV|Colorado Avalanche vs Minnesota Wild|H2H|Colorado Avalanche|1.96": 1772980391.9601958,
  "EV|Anaheim Ducks vs St Louis Blues|H2H|Anaheim Ducks|2.00": 1772980392.2143838,
  "EV|Dallas Stars vs Chicago Blackhawks|H2H|Dallas Stars|1.67": 1772980392.4831932,
  "EV|Arsenal vs Everton|H2H|Everton|12.00": 1772980392.724342,
  "EV|Atalanta BC vs Bayern Munich|H2H|Atalanta BC|5.10": 1772980392.987558,
  "EV|Fulham vs Burnley|H2H|Burnley|6.70": 1772980393.2409945,
  "EV|Chelsea vs Newcastle United|H2H|Newcastle United|4.30": 1772980393.4706712,
  "EV|Crystal Palace vs Leeds United|H2H|Leeds United|3.45": 1772980393.7255447,
  "EV|Liverpool vs Tottenham Hotspur|H2H|Tottenham Hotspur|8.50": 1772980393.9779227,
  "EV|Bod\u00f8/Glimt vs Sporting Lisbon|H2H|Bod\u00f8/Glimt|2.66": 1772980394.2300947,
  "EV|Sacramento Kings vs Chicago Bulls|H2H|Sacramento Kings|2.23": 1772980394.4743059,
  "EV|Portland Trail Blazers vs Indiana Pacers|H2H|Portland Trail Blazers|1.33": 1772980394.7141206,
  "EV|Arsenal vs Everton|H2H|Draw|5.30": 1772980394.95823,
  "EV|Galatasaray vs Liverpool|H2H|Draw|4.20": 1772980395.2111073,
  "ARB|Getafe vs Real Betis|H2H|33.12": 1772981560.852233,
  "ARB|Mallorca vs Espanyol|H2H|30.04": 1772981561.1047168,
  "ARB|Washington Capitals vs Calgary Flames|H2H|27.65": 1772981561.2047176,
  "ARB|Tottenham Hotspur vs Nottingham Forest|H2H|27.38": 1772981561.3268137,
  "ARB|Sunderland vs Brighton and Hove Albion|H2H|27.02": 1772981561.424243,
  "ARB|Chicago Blackhawks vs Utah Mammoth|H2H|24.70": 1772981561.5643044,
  "ARB|Pittsburgh Penguins vs Boston Bruins|H2H|20.39": 1772981561.700503,
  "ARB|Dallas Stars vs Chicago Blackhawks|H2H|18.47": 1772981561.7900121,
  "ARB|Washington Capitals vs Calgary Flames|H2H|4.92": 1772981561.8900356,
  "ARB|Chicago Blackhawks vs Utah Mammoth|H2H|1.76": 1772981562.0278091,
  "EV|Dallas Stars vs Chicago Blackhawks|H2H|Chicago Blackhawks|4.62": 1772981562.1555064,
  "EV|Pittsburgh Penguins vs Boston Bruins|H2H|Boston Bruins|2.66": 1772981562.2548594,
  "EV|Pittsburgh Penguins vs Boston Bruins|H2H|Pittsburgh Penguins|2.38": 1772981562.3902836,
  "ARB|Chicago Blackhawks vs Utah Mammoth|H2H|2.01": 1772982003.46064,
  "EV|Colorado Avalanche vs Minnesota Wild|H2H|Colorado Avalanche|1.97": 1772982003.739161,
  "EV|Anaheim Ducks vs St Louis Blues|H2H|Anaheim Ducks|1.98": 1772982003.9136233,
  "EV|Dallas Stars vs Chicago Blackhawks|H2H|Chicago Blackhawks|4.82": 1772983388.1535063,
  "EV|Buffalo Sabres vs Tampa Bay Lightning|H2H|Tampa Bay Lightning|2.39": 1772983389.1794128,
  "EV|Buffalo Sabres vs Tampa Bay Lightning|H2H|Buffalo Sabres|2.63": 1772983389.379075,
  "EV|Colorado Avalanche vs Minnesota Wild|H2H|Colorado Avalanche|1.93": 1772983389.5855005,
  "EV|Dallas Stars vs Chicago Blackhawks|H2H|Dallas Stars|1.62": 1772983389.7708962,
  "EV|Milwaukee Bucks vs Orlando Magic|H2H|Milwaukee Bucks|2.52": 1772983389.9693015,
  "EV|Getafe vs Real Betis|H2H|Getafe|2.94": 1772983390.157923,