{
  "ARB|Real Madrid vs Elche CF|TOTALS 3.5|3.50": 1772947609.4882808,
  "ARB|Vegas Golden Knights vs Edmonton Oilers|TOTALS 6.5|6.05": 1772947733.2850413,
  "ARB|Buffalo Sabres vs Tampa Bay Lightning|TOTALS 6.5|2.73": 1772947733.4529095,
  "ARB|Anaheim Ducks vs St Louis Blues|TOTALS 6.5|2.31": 1772947733.567968,
  "ARB|Colorado Avalanche vs Minnesota Wild|TOTALS 6.5|2.18": 1772947733.701873,
  "EV|Vegas Golden Knights vs Edmonton Oilers|TOTALS 6.5|Over|2.08": 1772947733.8239799,
  "EV|Buffalo Sabres vs Tampa Bay Lightning|TOTALS 6.5|Over|2.20": 1772947733.9199724,
  "EV|Colorado Avalanche vs Minnesota Wild|TOTALS 6.5|Over|2.27": 1772947734.015416,
  "EV|Anaheim Ducks vs St Louis Blues|TOTALS 6.5|Over|2.18": 1772947734.1112242,
  "EV|Pittsburgh Penguins vs Boston Bruins|TOTALS 6.0|Over|1.98": 1772947734.247064,
  "ARB|Vegas Golden Knights vs Edmonton Oilers|TOTALS 6.5|4.04": 1772957916.808254,
  "ARB|Buffalo Sabres vs Tampa Bay Lightning|TOTALS 6.5|2.85": 1772957916.9673302,
  "ARB|Colorado Avalanche vs Minnesota Wild|TOTALS 6.5|2.40": 1772957917.072758,
  "EV|Vegas Golden Knights vs Edmonton Oilers|TOTALS 6.5|Over|1.98": 1772957917.1986678,
  "EV|Buffalo Sabres vs Tampa Bay Lightning|TOTALS 6.5|Over|2.18": 1772957917.3031669,
  "EV|Colorado Avalanche vs Minnesota Wild|TOTALS 6.5|Over|2.21": 1772957917.4114902
}