{
  "EV|Mallorca vs Espanyol|H2H|Mallorca|2.55": 1773081933.824581,
  "EV|Buffalo Sabres vs San Jose Sharks|H2H|San Jose Sharks|4.10": 1773085061.784881,
  "EV|Carolina Hurricanes vs Pittsburgh Penguins|H2H|Pittsburgh Penguins|4.20": 1773085061.9028099,
  "EV|Colorado Avalanche vs Edmonton Oilers|H2H|Edmonton Oilers|3.60": 1773085062.028843,
  "EV|Dallas Stars vs Vegas Golden Knights|H2H|Vegas Golden Knights|3.10": 1773085062.1497555,
  "EV|Philadelphia Flyers vs New York Rangers|H2H|New York Rangers|2.93": 1773085062.2650485,
  "EV|Seattle Kraken vs Nashville Predators|H2H|Nashville Predators|2.75": 1773085062.3995597,
  "EV|Florida Panthers vs Detroit Red Wings|H2H|Detroit Red Wings|2.86": 1773085062.527607,
  "EV|St Louis Blues vs New York Islanders|H2H|St Louis Blues|2.70": 1773085062.6597302,
  "EV|Montr\u00e9al Canadiens vs Toronto Maple Leafs|H2H|Toronto Maple Leafs|3.21": 1773085062.792952,
  "EV|Winnipeg Jets vs Anaheim Ducks|H2H|Anaheim Ducks|2.73": 1773085062.915102,
  "EV|St Louis Blues vs New York Islanders|H2H|New York Islanders|2.40": 1773085063.0356863,
  "EV|Columbus Blue Jackets vs Los Angeles Kings|H2H|Columbus Blue Jackets|2.11": 1773085063.1637802,
  "EV|Winnipeg Jets vs Anaheim Ducks|H2H|Winnipeg Jets|2.35": 1773085063.275872,
  "EV|Florida Panthers vs Detroit Red Wings|H2H|Florida Panthers|2.27": 1773085063.4098575,
  "EV|Columbus Blue Jackets vs Los Angeles Kings|H2H|Los Angeles Kings|3.10": 1773085063.5236201,
  "EV|Dallas Stars vs Vegas Golden Knights|H2H|Dallas Stars|2.17": 1773085063.6416957,
  "EV|Seattle Kraken vs Nashville Predators|H2H|Seattle Kraken|2.34": 1773085063.7633388,
  "EV|Montr\u00e9al Canadiens vs Toronto Maple Leafs|H2H|Montr\u00e9al Canadiens|2.04": 1773085063.8909774,
  "EV|Colorado Avalanche vs Edmonton Oilers|H2H|Colorado Avalanche|1.97": 1773085063.9806414,
  "EV|Buffalo Sabres vs San Jose Sharks|H2H|Buffalo Sabres|1.85": 1773085064.0899625,
  "EV|Carolina Hurricanes vs Pittsburgh Penguins|H2H|Carolina Hurricanes|1.81": 1773085064.2094996,
  "EV|Real Madrid vs Atl\u00e9tico Madrid|H2H|Atl\u00e9tico Madrid|4.27": 1773085064.3203259,
  "EV|Fulham vs Burnley|H2H|Burnley|6.70": 1773085064.4493737,
  "EV|Paris Saint Germain vs Chelsea|H2H|Draw|3.90": 1773085064.535569,
  "EV|Columbus Blue Jackets vs Los Angeles Kings|H2H|Columbus Blue Jackets|3.40": 1773088159.6853795,
  "EV|Philadelphia Flyers vs New York Rangers|H2H|New York Rangers|2.94": 1773088159.8611882,
  "EV|Florida Panthers vs Detroit Red Wings|H2H|Detroit Red Wings|2.88": 1773088159.9844346,
  "EV|Philadelphia Flyers vs New York Rangers|H2H|Philadelphia Flyers|2.23": 1773088160.0972471,
  "EV|Florida Panthers vs Detroit Red Wings|H2H|Florida Panthers|2.25": 1773088160.2320294,
  "EV|Columbus Blue Jackets vs Los Angeles Kings|H2H|Los Angeles Kings|1.98": 1773088160.3710637,
  "EV|Atalanta BC vs Bayern Munich|H2H|Atalanta BC|5.00": 1773088160.4675198,
  "EV|Espanyol vs Oviedo|H2H|Oviedo|2.50": 1773088160.591169,
  "EV|Columbus Blue Jackets vs Los Angeles Kings|H2H|Columbus Blue Jackets|3.50": 1773090038.3263075,
  "EV|Chicago Blackhawks vs Utah Mammoth|H2H|Chicago Blackhawks|4.20": 1773090038.5688472,
  "EV|Montr\u00e9al Canadiens vs Toronto Maple Leafs|H2H|Toronto Maple Leafs|3.20": 1773090038.7044783,
  "EV|Colorado Avalanche vs Edmonton Oilers|H2H|Colorado Avalanche|1.96": 1773090038.790108,
  "EV|Columbus Blue Jackets vs Los Angeles Kings|H2H|Los Angeles Kings|1.93": 1773090038.92649,
  "EV|Utah Jazz vs Golden State Warriors|H2H|Utah Jazz|3.42": 1773090039.0525146,
  "ARB|Espanyol vs Oviedo|H2H|17.65": 1773093234.0695922,
  "EV|Espanyol vs Oviedo|H2H|Espanyol|17.00": 1773093234.3326092,
  "EV|Espanyol vs Oviedo|H2H|Oviedo|34.00": 1773093234.4547415,
  "EV|Columbus Blue Jackets vs Los Angeles Kings|H2H|Columbus Blue Jackets|3.00": 1773093234.5799844,
  "EV|Washington Capitals vs Calgary Flames|H2H|Calgary Flames|3.85": 1773093234.6952875,
  "EV|Carolina Hurricanes vs Pittsburgh Penguins|H2H|Pittsburgh Penguins|4.10": 1773093234.814749,
  "EV|Vancouver Canucks vs Ottawa Senators|H2H|Vancouver Canucks|4.20": 1773093234.9389327,
  "EV|Columbus Blue Jackets vs Los Angeles Kings|H2H|Los Angeles Kings|3.00": 1773093235.0607102,
  "EV|Montr\u00e9al Canadiens vs Toronto Maple Leafs|H2H|Toronto Maple Leafs|3.30": 1773093235.1945205,
  "EV|Philadelphia Flyers vs New York Rangers|H2H|New York Rangers|2.95": 1773093235.3018587,
  "EV|Winnipeg Jets vs Anaheim Ducks|H2H|Anaheim Ducks|2.75": 1773093235.4105918,
  "EV|Seattle Kraken vs Nashville Predators|H2H|Seattle Kraken|2.33": 1773093235.5352128,
  "EV|Philadelphia Flyers vs New York Rangers|H2H|Philadelphia Flyers|2.21": 1773093235.6427615,
  "EV|Winnipeg Jets vs Anaheim Ducks|H2H|Winnipeg Jets|2.30": 1773093235.7417812,
  "EV|Vancouver Canucks vs Ottawa Senators|H2H|Ottawa Senators|1.75": 1773093235.8372986,
  "EV|Real Madrid vs Atl\u00e9tico Madrid|H2H|Atl\u00e9tico Madrid|4.32": 1773093235.9631486,
  "EV|Brooklyn Nets vs Memphis Grizzlies|H2H|Brooklyn Nets|2.10": 1773093236.090184,
  "EV|Villarreal vs Real Sociedad|H2H|Villarreal|1.96": 1773093236.2437108,
  "EV|Oklahoma City Thunder vs Denver Nuggets|H2H|Oklahoma City Thunder|1.46": 1773093236.337682,
  "EV|Columbus Blue Jackets vs Los Angeles Kings|H2H|Los Angeles Kings|4.20": 1773095065.8537557,
  "EV|Columbus Blue Jackets vs Los Angeles Kings|H2H|Columbus Blue Jackets|3.20": 1773095066.0680172,
  "EV|Washington Capitals vs Calgary Flames|H2H|Calgary Flames|3.70": 1773095066.2564847,
  "EV|Los Angeles Clippers vs New York Knicks|H2H|Los Angeles Clippers|2.24": 1773095066.4862788,
  "EV|Oklahoma City Thunder vs Denver Nuggets|H2H|Oklahoma City Thunder|1.50": 1773095066.7084818,
  "ARB|Brooklyn Nets vs Memphis Grizzlies|H2H|2.38": 1773096819.9979587,
  "ARB|Oklahoma City Thunder vs Denver Nuggets|H2H|1.14": 1773096820.1556547,
  "EV|Columbus Blue Jackets vs Los Angeles Kings|H2H|Los Angeles Kings|11.00": 1773096820.2747893,
  "EV|Columbus Blue Jackets vs Los Angeles Kings|H2H|Columbus Blue Jackets|12.00": 1773096820.378605,
  "EV|Vancouver Canucks vs Ottawa Senators|H2H|Vancouver Canucks|4.11": 1773096820.480052,
  "EV|Philadelphia Flyers vs New York Rangers|H2H|New York Rangers|2.91": 1773096820.5938709,
  "EV|Philadelphia Flyers vs New York Rangers|H2H|Philadelphia Flyers|2.18": 1773096820.7108428,
  "EV|Washington Capitals vs Calgary Flames|H2H|Washington Capitals|1.88": 1773096820.821856,
  "EV|Bayer Leverkusen vs Arsenal|H2H|Bayer Leverkusen|6.40": 1773096820.9299645,
  "EV|Oklahoma City Thunder vs Denver Nuggets|H2H|Oklahoma City Thunder|1.60": 1773096821.0292468,
  "ARB|Brooklyn Nets vs Memphis Grizzlies|H2H|2.63": 1773098647.2088537,
  "EV|Vancouver Canucks vs Ottawa Senators|H2H|Vancouver Canucks|4.16": 1773098647.577555,
  "EV|Florida Panthers vs Detroit Red Wings|H2H|Detroit Red Wings|2.84": 1773098647.756484,
  "EV|Winnipeg Jets vs Anaheim Ducks|H2H|Winnipeg Jets|2.31": 1773098647.9480765,
  "EV|Florida Panthers vs Detroit Red Wings|H2H|Florida Panthers|2.26": 1773098648.1458137,
  "EV|Vancouver Canucks vs Ottawa Senators|H2H|Ottawa Senators|1.74": 1773098648.3363678,
  "EV|Barcelona vs Rayo Vallecano|H2H|Rayo Vallecano|11.90": 1773098648.5240912,
  "EV|Chelsea vs Newcastle United|H2H|Newcastle United|4.21": 1773098648.7210572,
  "EV|Bayer Leverkusen vs Arsenal|H2H|Draw|4.47": 1773098648.9107351,
  "ARB|Oklahoma City Thunder vs Denver Nuggets|H2H|7.50": 1773100197.6746104,
  "ARB|Philadelphia Flyers vs New York Rangers|H2H|6.60": 1773100197.999891,