{
  "ARB|Sacramento Kings vs Indiana Pacers|H2H|21.79": 1773201993.4957447,
  "ARB|Portland Trail Blazers vs Charlotte Hornets|H2H|20.55": 1773201993.7677839,
  "EV|Colorado Avalanche vs Edmonton Oilers|H2H|Colorado Avalanche|8.00": 1773201994.0135345,
  "EV|Seattle Kraken vs Nashville Predators|H2H|Seattle Kraken|8.50": 1773201994.2912009,
  "EV|Portland Trail Blazers vs Charlotte Hornets|H2H|Portland Trail Blazers|2.60": 1773201994.550925,
  "EV|Sacramento Kings vs Indiana Pacers|H2H|Indiana Pacers|1.56": 1773201994.982202,
  "EV|Ottawa Senators vs Montr\u00e9al Canadiens|H2H|Montr\u00e9al Canadiens|3.15": 1773201995.2278223,
  "EV|Philadelphia Flyers vs Washington Capitals|H2H|Washington Capitals|2.46": 1773201995.4787016,
  "EV|Philadelphia Flyers vs Washington Capitals|H2H|Philadelphia Flyers|2.59": 1773201995.7449253,
  "EV|Ottawa Senators vs Montr\u00e9al Canadiens|H2H|Ottawa Senators|2.06": 1773201996.0016594,
  "EV|Seattle Kraken vs Nashville Predators|H2H|Nashville Predators|1.55": 1773201996.2683027,
  "EV|Fulham vs Burnley|H2H|Burnley|6.70": 1773201996.5340338,
  "EV|Barcelona vs Sevilla|H2H|Sevilla|12.00": 1773201996.7910237,
  "EV|Chelsea vs Newcastle United|H2H|Newcastle United|4.12": 1773201997.0502124,
  "EV|Colorado Avalanche vs Edmonton Oilers|H2H|Edmonton Oilers|1.58": 1773201997.296722,
  "EV|Philadelphia Flyers vs Washington Capitals|H2H|Washington Capitals|2.45": 1773207063.83411,
  "EV|Philadelphia Flyers vs Washington Capitals|H2H|Philadelphia Flyers|2.70": 1773207063.966368,
  "EV|Liverpool vs Galatasaray|H2H|Galatasaray|10.40": 1773207064.078706,
  "EV|Bod\u00f8/Glimt vs Sporting Lisbon|H2H|Draw|3.84": 1773207064.1922383,
  "EV|Orlando Magic vs Cleveland Cavaliers|H2H|Cleveland Cavaliers|1.74": 1773207064.3133929,
  "EV|Bod\u00f8/Glimt vs Sporting Lisbon|H2H|Bod\u00f8/Glimt|2.66": 1773207064.4161098,
  "EV|Utah Jazz vs New York Knicks|H2H|Utah Jazz|6.57": 1773207064.5224185,
  "EV|Ottawa Senators vs Montr\u00e9al Canadiens|H2H|Montr\u00e9al Canadiens|3.10": 1773211595.0193589,
  "EV|Philadelphia Flyers vs Washington Capitals|H2H|Philadelphia Flyers|2.68": 1773211595.1740737,
  "EV|Ottawa Senators vs Montr\u00e9al Canadiens|H2H|Ottawa Senators|2.09": 1773211595.308598,
  "EV|Los Angeles Clippers vs Minnesota Timberwolves|H2H|Los Angeles Clippers|1.88": 1773211595.4309042,
  "EV|Bayer Leverkusen vs Arsenal|H2H|Arsenal|1.59": 1773211595.5563343,
  "EV|Villarreal vs Real Sociedad|H2H|Villarreal|1.96": 1773211595.6735373,
  "EV|Bayern Munich vs Atalanta BC|H2H|Atalanta BC|9.45": 1773214830.0442994,
  "EV|Philadelphia Flyers vs Washington Capitals|H2H|Philadelphia Flyers|2.69": 1773218165.7888808,
  "EV|Philadelphia Flyers vs Washington Capitals|H2H|Washington Capitals|2.38": 1773218165.9451241,
  "EV|Real Madrid vs Atl\u00e9tico Madrid|H2H|Atl\u00e9tico Madrid|4.21": 1773218166.0714912,
  "EV|Liverpool vs Galatasaray|H2H|Galatasaray|10.60": 1773218166.2057197,
  "EV|Barcelona vs Rayo Vallecano|H2H|Rayo Vallecano|11.90": 1773218166.3463717,
  "EV|Liverpool vs Tottenham Hotspur|H2H|Tottenham Hotspur|8.60": 1773218166.4857423,
  "EV|Liverpool vs Galatasaray|H2H|Draw|6.44": 1773218166.609199
}