{
  "ARB|Atl\u00e9tico Madrid vs Real Sociedad|TOTALS 5.5|20.39": 1772912202.418972,
  "ARB|Toronto Maple Leafs vs Tampa Bay Lightning|TOTALS 6.5|2.46": 1772912202.8026094,
  "ARB|Columbus Blue Jackets vs Utah Mammoth|TOTALS 6.0|0.99": 1772912203.02575,
  "ARB|Winnipeg Jets vs Vancouver Canucks|TOTALS 6.0|0.11": 1772912203.224703,
  "EV|Atl\u00e9tico Madrid vs Real Sociedad|TOTALS 5.5|Over|14.00": 1772912203.439181,
  "EV|Toronto Maple Leafs vs Tampa Bay Lightning|TOTALS 6.5|Over|2.20": 1772912203.63186,
  "EV|Columbus Blue Jackets vs Utah Mammoth|TOTALS 6.0|Over|2.02": 1772912203.851338,
  "EV|Winnipeg Jets vs Vancouver Canucks|TOTALS 6.0|Over|2.08": 1772912204.039385,
  "EV|Boston Bruins vs Washington Capitals|TOTALS 4.5|Over|1.97": 1772912204.2428386,
  "EV|Cody Brundage vs Donte Johnson|TOTALS 1.5|Over|2.48": 1772912204.4454389,
  "EV|Cody Durden vs Nyamjargal Tumendemberel|TOTALS 2.5|Over|2.20": 1772912204.6450257
}