{
  "EV|Washington Capitals vs Calgary Flames|H2H|Calgary Flames|3.90": 1773045568.8770783,
  "EV|Vancouver Canucks vs Ottawa Senators|H2H|Vancouver Canucks|3.85": 1773045569.153242,
  "EV|Chelsea vs Newcastle United|H2H|Newcastle United|4.25": 1773045569.4083126,
  "EV|Vancouver Canucks vs Ottawa Senators|H2H|Vancouver Canucks|4.00": 1773049457.8908317,
  "EV|Washington Capitals vs Calgary Flames|H2H|Washington Capitals|1.93": 1773049458.3172588,
  "EV|Vancouver Canucks vs Ottawa Senators|H2H|Ottawa Senators|1.81": 1773049458.5684874,
  "EV|Oklahoma City Thunder vs Denver Nuggets|H2H|Denver Nuggets|3.48": 1773049458.8189795,
  "EV|Chelsea vs Newcastle United|H2H|Newcastle United|4.21": 1773049459.063364,
  "EV|Vancouver Canucks vs Ottawa Senators|H2H|Vancouver Canucks|4.10": 1773052869.1819541,
  "EV|Washington Capitals vs Calgary Flames|H2H|Calgary Flames|3.75": 1773052869.5540986,
  "EV|Chicago Blackhawks vs Utah Mammoth|H2H|Chicago Blackhawks|3.80": 1773052869.8127851,
  "EV|Philadelphia Flyers vs New York Rangers|H2H|Philadelphia Flyers|2.14": 1773052870.061645,
  "EV|Barcelona vs Rayo Vallecano|H2H|Rayo Vallecano|11.90": 1773052870.3059034,
  "EV|CA Osasuna vs Girona|H2H|CA Osasuna|2.03": 1773052870.552788,
  "EV|Newcastle United vs Barcelona|H2H|Newcastle United|3.05": 1773052870.7948222,
  "EV|Real Madrid vs Atl\u00e9tico Madrid|H2H|Atl\u00e9tico Madrid|4.57": 1773055937.2932603,
  "EV|Chicago Blackhawks vs Utah Mammoth|H2H|Chicago Blackhawks|3.85": 1773060857.0179515,
  "EV|Philadelphia Flyers vs New York Rangers|H2H|New York Rangers|3.06": 1773060857.4031093,
  "EV|Columbus Blue Jackets vs Los Angeles Kings|H2H|Los Angeles Kings|2.94": 1773060857.5271728,
  "EV|Columbus Blue Jackets vs Los Angeles Kings|H2H|Columbus Blue Jackets|2.19": 1773060857.650284,
  "EV|Philadelphia Flyers vs New York Rangers|H2H|Philadelphia Flyers|2.15": 1773060857.7771456,
  "EV|Washington Capitals vs Calgary Flames|H2H|Washington Capitals|1.92": 1773060857.9016888,
  "EV|Vancouver Canucks vs Ottawa Senators|H2H|Ottawa Senators|1.80": 1773060858.0189908,
  "EV|Real Madrid vs Atl\u00e9tico Madrid|H2H|Atl\u00e9tico Madrid|4.27": 1773060858.1411214,
  "EV|Fulham vs Burnley|H2H|Burnley|6.70": 1773060858.2690444,
  "EV|Atalanta BC vs Bayern Munich|H2H|Atalanta BC|5.10": 1773060858.3849397,
  "EV|Philadelphia Flyers vs New York Rangers|H2H|New York Rangers|3.01": 1773065039.700567,
  "EV|Columbus Blue Jackets vs Los Angeles Kings|H2H|Los Angeles Kings|2.96": 1773065039.945535,
  "EV|Philadelphia Flyers vs New York Rangers|H2H|Philadelphia Flyers|2.18": 1773065040.0829287,
  "EV|Columbus Blue Jackets vs Los Angeles Kings|H2H|Columbus Blue Jackets|2.18": 1773065040.2021472,
  "EV|Chicago Blackhawks vs Utah Mammoth|H2H|Utah Mammoth|1.88": 1773065040.3367307,
  "EV|Washington Capitals vs Calgary Flames|H2H|Washington Capitals|1.89": 1773065040.4801905,
  "EV|Vancouver Canucks vs Ottawa Senators|H2H|Ottawa Senators|1.78": 1773065040.5997322,
  "EV|Atalanta BC vs Bayern Munich|H2H|Atalanta BC|5.00": 1773065040.720159,
  "EV|Bayer Leverkusen vs Arsenal|H2H|Draw|4.47": 1773065040.8584208
}