{
  "Edmonton Oilers vs Carolina Hurricanes|TOTALS_6.5|ARB|3.61": 1772775905.7364464,
  "Edmonton Oilers vs Carolina Hurricanes|TOTALS_6.5|Over|2.06": 1772775905.847283,
  "Edmonton Oilers vs Carolina Hurricanes_TOTALS_6.5_ARB_3.8372630605640334": 1772779526.5843134,
  "Denver Nuggets vs New York Knicks_H2H_0_ARB_2.0705521472392685": 1772779526.7362196,
  "Detroit Red Wings vs Florida Panthers_H2H_0_Florida Panthers_3.04": 1772779526.8451147,
  "Chicago Blackhawks vs Vancouver Canucks_H2H_0_Vancouver Canucks_3.0": 1772779527.181877,
  "San Jose Sharks vs St Louis Blues_H2H_0_St Louis Blues_2.94": 1772779527.3095613,
  "Dallas Stars vs Colorado Avalanche_H2H_0_Dallas Stars_2.71": 1772779527.4109273,
  "Vegas Golden Knights vs Minnesota Wild_H2H_0_Minnesota Wild_2.59": 1772779527.523203,
  "Vegas Golden Knights vs Minnesota Wild_H2H_0_Vegas Golden Knights_2.46": 1772779527.6284442,
  "Edmonton Oilers vs Carolina Hurricanes_H2H_0_Edmonton Oilers_2.59": 1772779527.7324123,
  "Edmonton Oilers vs Carolina Hurricanes_H2H_0_Carolina Hurricanes_2.41": 1772779527.835267,
  "Dallas Stars vs Colorado Avalanche_H2H_0_Colorado Avalanche_2.35": 1772779527.9350414,
  "San Jose Sharks vs St Louis Blues_H2H_0_San Jose Sharks_2.19": 1772779528.037599,
  "Chicago Blackhawks vs Vancouver Canucks_H2H_0_Chicago Blackhawks_2.15": 1772779528.1416817,
  "Detroit Red Wings vs Florida Panthers_H2H_0_Detroit Red Wings_2.14": 1772779528.2934487,
  "Edmonton Oilers vs Carolina Hurricanes_TOTALS_6.5_Over_2.06": 1772779528.3974524,
  "Charlotte Hornets vs Miami Heat_H2H_0_Miami Heat_3.425": 1772779528.518414,
  "Los Angeles Lakers vs Indiana Pacers_H2H_0_Indiana Pacers_5.09": 1772779528.6227057,
  "Atl\u00e9tico Madrid vs Tottenham Hotspur_H2H_0_Tottenham Hotspur_5.85": 1772779528.7376275,
  "Denver Nuggets vs New York Knicks_H2H_0_New York Knicks_2.0": 1772779528.8409636
}