{
  "ARB|Los Angeles Lakers vs Minnesota Timberwolves|H2H|2.36": 1773160408.2756793,
  "EV|Dallas Stars vs Vegas Golden Knights|H2H|Vegas Golden Knights|3.30": 1773160408.489733,
  "EV|Boston Bruins vs Los Angeles Kings|H2H|Los Angeles Kings|3.20": 1773160408.635782,
  "EV|Florida Panthers vs Detroit Red Wings|H2H|Florida Panthers|2.46": 1773160408.83178,
  "EV|New York Rangers vs Calgary Flames|H2H|New York Rangers|2.33": 1773160408.960064,
  "EV|Minnesota Wild vs Utah Mammoth|H2H|Utah Mammoth|3.10": 1773160409.104765,
  "EV|St Louis Blues vs New York Islanders|H2H|St Louis Blues|2.70": 1773160409.263503,
  "EV|Seattle Kraken vs Nashville Predators|H2H|Nashville Predators|2.52": 1773160409.4118316,
  "EV|St Louis Blues vs New York Islanders|H2H|New York Islanders|2.40": 1773160409.5579057,
  "EV|Seattle Kraken vs Nashville Predators|H2H|Seattle Kraken|2.53": 1773160409.6915202,
  "EV|Minnesota Wild vs Utah Mammoth|H2H|Minnesota Wild|2.13": 1773160409.8317337,
  "EV|Dallas Stars vs Vegas Golden Knights|H2H|Dallas Stars|2.16": 1773160409.97986,
  "EV|Boston Bruins vs Los Angeles Kings|H2H|Boston Bruins|2.14": 1773160410.1401227,
  "EV|Colorado Avalanche vs Edmonton Oilers|H2H|Colorado Avalanche|1.98": 1773160410.2689497,
  "EV|Florida Panthers vs Detroit Red Wings|H2H|Detroit Red Wings|2.61": 1773160410.4334962,
  "EV|Miami Heat vs Washington Wizards|H2H|Washington Wizards|8.95": 1773160410.588967,
  "EV|Milwaukee Bucks vs Phoenix Suns|H2H|Milwaukee Bucks|2.06": 1773160410.720652,
  "EV|Carolina Hurricanes vs Pittsburgh Penguins|H2H|Pittsburgh Penguins|4.20": 1773164556.0133317,
  "EV|Tampa Bay Lightning vs Columbus Blue Jackets|H2H|Columbus Blue Jackets|4.35": 1773164556.208528,
  "EV|Minnesota Wild vs Utah Mammoth|H2H|Utah Mammoth|3.15": 1773164556.4038742,
  "EV|Montr\u00e9al Canadiens vs Toronto Maple Leafs|H2H|Toronto Maple Leafs|3.30": 1773164556.5783556,
  "EV|New York Rangers vs Calgary Flames|H2H|Calgary Flames|2.80": 1773164556.7785778,
  "EV|St Louis Blues vs New York Islanders|H2H|St Louis Blues|2.68": 1773164556.992666,
  "EV|New York Rangers vs Calgary Flames|H2H|New York Rangers|2.31": 1773164557.1919196,
  "EV|Tampa Bay Lightning vs Columbus Blue Jackets|H2H|Tampa Bay Lightning|1.74": 1773164557.3971136,
  "EV|Los Angeles Lakers vs Minnesota Timberwolves|H2H|Minnesota Timberwolves|1.88": 1773164557.5859923,
  "EV|Arsenal vs Everton|H2H|Draw|5.30": 1773164557.7667248,
  "EV|Bayer Leverkusen vs Arsenal|H2H|Bayer Leverkusen|6.75": 1773164557.9737165,
  "EV|Atalanta BC vs Bayern Munich|H2H|Atalanta BC|5.20": 1773164558.1668284,
  "EV|Villarreal vs Real Sociedad|H2H|Villarreal|1.96": 1773164558.3561277,
  "EV|Winnipeg Jets vs Anaheim Ducks|H2H|Anaheim Ducks|2.88": 1773168086.5885606,
  "EV|Florida Panthers vs Detroit Red Wings|H2H|Detroit Red Wings|2.58": 1773168086.7737105,
  "EV|St Louis Blues vs New York Islanders|H2H|New York Islanders|2.41": 1773168086.8928173,
  "EV|Minnesota Wild vs Utah Mammoth|H2H|Minnesota Wild|2.16": 1773168086.9954064,
  "EV|Florida Panthers vs Detroit Red Wings|H2H|Florida Panthers|2.48": 1773168087.1091602,
  "EV|Boston Bruins vs Los Angeles Kings|H2H|Boston Bruins|2.13": 1773168087.2409825,
  "EV|Winnipeg Jets vs Anaheim Ducks|H2H|Winnipeg Jets|2.22": 1773168087.360575,
  "EV|Montr\u00e9al Canadiens vs Toronto Maple Leafs|H2H|Montr\u00e9al Canadiens|2.01": 1773168087.4812477,
  "EV|Carolina Hurricanes vs Pittsburgh Penguins|H2H|Carolina Hurricanes|1.80": 1773168087.5974646,
  "EV|Real Madrid vs Atl\u00e9tico Madrid|H2H|Atl\u00e9tico Madrid|4.32": 1773168087.7010167,
  "EV|Barcelona vs Rayo Vallecano|H2H|Rayo Vallecano|11.90": 1773168087.8179843,
  "EV|Atalanta BC vs Bayern Munich|H2H|Draw|4.85": 1773168087.9445267,
  "ARB|Galatasaray vs Liverpool|H2H|24.02": 1773171338.5947561,
  "EV|Galatasaray vs Liverpool|H2H|Liverpool|151.00": 1773171338.7909026,
  "EV|Galatasaray vs Liverpool|H2H|Draw|10.50": 1773171338.94483,
  "EV|Carolina Hurricanes vs Pittsburgh Penguins|H2H|Pittsburgh Penguins|4.00": 1773171339.0774596,
  "EV|Tampa Bay Lightning vs Columbus Blue Jackets|H2H|Columbus Blue Jackets|4.26": 1773171339.2069852,
  "EV|Dallas Stars vs Vegas Golden Knights|H2H|Vegas Golden Knights|3.15": 1773171339.3777812,
  "EV|Florida Panthers vs Detroit Red Wings|H2H|Detroit Red Wings|2.59": 1773171339.5371726,
  "EV|Florida Panthers vs Detroit Red Wings|H2H|Florida Panthers|2.47": 1773171339.6818492,
  "EV|New York Rangers vs Calgary Flames|H2H|New York Rangers|2.30": 1773171339.827358,
  "EV|Montr\u00e9al Canadiens vs Toronto Maple Leafs|H2H|Montr\u00e9al Canadiens|2.00": 1773171339.9610698,
  "EV|Colorado Avalanche vs Edmonton Oilers|H2H|Colorado Avalanche|1.96": 1773171340.1187658,
  "EV|Carolina Hurricanes vs Pittsburgh Penguins|H2H|Carolina Hurricanes|1.81": 1773171340.2589207,
  "EV|Bayer Leverkusen vs Arsenal|H2H|Bayer Leverkusen|7.00": 1773171340.4138703,
  "EV|Liverpool vs Tottenham Hotspur|H2H|Tottenham Hotspur|8.50": 1773171340.5651886,
  "EV|Atalanta BC vs Bayern Munich|H2H|Atalanta BC|4.90": 1773171340.732891,
  "ARB|Atl\u00e9tico Madrid vs Tottenham Hotspur|H2H|39.23": 1773174536.6685858,
  "ARB|Atalanta BC vs Bayern Munich|H2H|13.18": 1773174536.8989034,
  "EV|Atl\u00e9tico Madrid vs Tottenham Hotspur|H2H|Tottenham Hotspur|301.00": 1773174537.0416207,
  "EV|Atl\u00e9tico Madrid vs Tottenham Hotspur|H2H|Draw|51.00": 1773174537.2051356,
  "EV|Atalanta BC vs Bayern Munich|H2H|Atalanta BC|81.00": 1773174537.3305912,
  "EV|Atalanta BC vs Bayern Munich|H2H|Draw|34.00": 1773174537.4812284,
  "EV|Colorado Avalanche vs Edmonton Oilers|H2H|Edmonton Oilers|3.45": 1773174537.6141558,
  "EV|Seattle Kraken vs Nashville Predators|H2H|Nashville Predators|2.50": 1773174537.7415895,
  "EV|Seattle Kraken vs Nashville Predators|H2H|Seattle Kraken|2.54": 1773174537.8849363,
  "EV|Minnesota Wild vs Utah Mammoth|H2H|Minnesota Wild|2.14": 1773174538.0299785,
  "EV|Montr\u00e9al Canadiens vs Toronto Maple Leafs|H2H|Montr\u00e9al Canadiens|2.06": 1773174538.232946,
  "EV|New York Rangers vs Calgary Flames|H2H|New York Rangers|2.29": 1773174538.395457,
  "EV|Chelsea vs Newcastle United|H2H|Newcastle United|4.12": 1773174538.5261538,
  "EV|Houston Rockets vs Toronto Raptors|H2H|Toronto Raptors|2.75": 1773174538.6675205,
  "EV|Los Angeles Lakers vs Minnesota Timberwolves|H2H|Los Angeles Lakers|2.30": 1773174538.81453,
  "EV|Tampa Bay Lightning vs Columbus Blue Jackets|H2H|Columbus Blue Jackets|4.25": 1773176347.4494205,
  "EV|Winnipeg Jets vs Anaheim Ducks|H2H|Anaheim Ducks|2.92": 1773176347.7196085,
  "EV|Florida Panthers vs Detroit Red Wings|H2H|Detroit Red Wings|2.57": 1773176347.816379,
  "EV|Florida Panthers vs Detroit Red Wings|H2H|Florida Panthers|2.49": 1773176347.9024103,
  "EV|Boston Bruins vs Los Angeles Kings|H2H|Boston Bruins|2.12": 1773176347.9897833,
  "EV|Winnipeg Jets vs Anaheim Ducks|H2H|Winnipeg Jets|2.20": 1773176348.1167302,
  "EV|Atlanta Hawks vs Dallas Mavericks|H2H|Dallas Mavericks|4.80": 1773176348.235022,
  "ARB|Newcastle United vs Barcelona|H2H|8.08": 1773178510.8411655,
  "EV|Colorado Avalanche vs Edmonton Oilers|H2H|Edmonton Oilers|3.55": 1773178511.0233216,
  "EV|Tampa Bay Lightning vs Columbus Blue Jackets|H2H|Columbus Blue Jackets|4.21": 1773178511.1356897,