{
  "EV|Ottawa Senators vs Montr\u00e9al Canadiens|H2H|Montr\u00e9al Canadiens|3.10": 1773211595.0193589,
  "EV|Philadelphia Flyers vs Washington Capitals|H2H|Philadelphia Flyers|2.68": 1773211595.1740737,
  "EV|Ottawa Senators vs Montr\u00e9al Canadiens|H2H|Ottawa Senators|2.09": 1773211595.308598,
  "EV|Los Angeles Clippers vs Minnesota Timberwolves|H2H|Los Angeles Clippers|1.88": 1773211595.4309042,
  "EV|Bayer Leverkusen vs Arsenal|H2H|Arsenal|1.59": 1773211595.5563343,
  "EV|Villarreal vs Real Sociedad|H2H|Villarreal|1.96": 1773211595.6735373,
  "EV|Bayern Munich vs Atalanta BC|H2H|Atalanta BC|9.45": 1773214830.0442994,
  "EV|Philadelphia Flyers vs Washington Capitals|H2H|Philadelphia Flyers|2.69": 1773218165.7888808,
  "EV|Philadelphia Flyers vs Washington Capitals|H2H|Washington Capitals|2.38": 1773218165.9451241,
  "EV|Real Madrid vs Atl\u00e9tico Madrid|H2H|Atl\u00e9tico Madrid|4.21": 1773218166.0714912,
  "EV|Liverpool vs Galatasaray|H2H|Galatasaray|10.60": 1773218166.2057197,
  "EV|Barcelona vs Rayo Vallecano|H2H|Rayo Vallecano|11.90": 1773218166.3463717,
  "EV|Liverpool vs Tottenham Hotspur|H2H|Tottenham Hotspur|8.60": 1773218166.4857423,
  "EV|Liverpool vs Galatasaray|H2H|Draw|6.44": 1773218166.609199,
  "ARB|Bod\u00f8/Glimt vs Sporting Lisbon|H2H|1.28": 1773221909.5294414,
  "EV|Ottawa Senators vs Montr\u00e9al Canadiens|H2H|Ottawa Senators|2.08": 1773221909.6905706,
  "EV|Real Madrid vs Atl\u00e9tico Madrid|H2H|Atl\u00e9tico Madrid|4.12": 1773221909.803444,
  "ARB|Bod\u00f8/Glimt vs Sporting Lisbon|H2H|1.52": 1773225298.0905287,
  "ARB|Orlando Magic vs Cleveland Cavaliers|H2H|1.03": 1773225298.3398688,
  "EV|Ottawa Senators vs Montr\u00e9al Canadiens|H2H|Montr\u00e9al Canadiens|3.15": 1773225298.5321836,
  "EV|Liverpool vs Galatasaray|H2H|Galatasaray|10.90": 1773225298.7530015,
  "EV|Fulham vs Burnley|H2H|Burnley|6.70": 1773225298.9415212,
  "EV|Barcelona vs Sevilla|H2H|Sevilla|12.00": 1773225299.1562629,
  "EV|Chelsea vs Newcastle United|H2H|Newcastle United|4.12": 1773225299.3688054,
  "ARB|Bod\u00f8/Glimt vs Sporting Lisbon|H2H|3.03": 1773228589.0563624,
  "EV|Bayer Leverkusen vs Arsenal|H2H|Bayer Leverkusen|7.00": 1773228589.216515,
  "ARB|Bod\u00f8/Glimt vs Sporting Lisbon|H2H|2.81": 1773230252.6832573,
  "EV|Philadelphia Flyers vs Washington Capitals|H2H|Philadelphia Flyers|2.70": 1773230253.0068731,
  "EV|Ottawa Senators vs Montr\u00e9al Canadiens|H2H|Ottawa Senators|2.06": 1773230253.2792401,
  "EV|Bod\u00f8/Glimt vs Sporting Lisbon|H2H|Bod\u00f8/Glimt|2.66": 1773230253.5328376,
  "EV|Chelsea vs Newcastle United|H2H|Newcastle United|4.21": 1773230253.7859356,
  "EV|Orlando Magic vs Cleveland Cavaliers|H2H|Cleveland Cavaliers|1.74": 1773230254.043889,
  "EV|Los Angeles Clippers vs Minnesota Timberwolves|H2H|Minnesota Timberwolves|2.24": 1773230254.3080883,
  "EV|Bod\u00f8/Glimt vs Sporting Lisbon|H2H|Draw|3.84": 1773230254.557514,
  "EV|Denver Nuggets vs Houston Rockets|H2H|Denver Nuggets|1.51": 1773230254.8049018
}