{
  "ARB|Dallas Stars vs Edmonton Oilers|TOTALS 6.5|5.11": 1773300071.7221355,
  "ARB|Toronto Maple Leafs vs Anaheim Ducks|TOTALS 6.5|3.61": 1773300072.1970055,
  "ARB|Boston Bruins vs San Jose Sharks|TOTALS 6.5|2.80": 1773300072.45069,
  "ARB|Florida Panthers vs Columbus Blue Jackets|TOTALS 6.5|2.60": 1773300072.7344217,
  "ARB|Buffalo Sabres vs Washington Capitals|TOTALS 6.5|2.47": 1773300073.022999,
  "ARB|Seattle Kraken vs Colorado Avalanche|TOTALS 6.0|0.74": 1773300073.278823,
  "ARB|Orlando Magic vs Washington Wizards|H2H|0.61": 1773300073.5688877,
  "EV|Minnesota Wild vs Philadelphia Flyers|H2H|Philadelphia Flyers|4.30": 1773300073.8370717,
  "EV|Carolina Hurricanes vs St Louis Blues|H2H|St Louis Blues|4.77": 1773300074.1255007,
  "EV|Buffalo Sabres vs Washington Capitals|H2H|Washington Capitals|3.75": 1773300074.3950484,
  "EV|New Jersey Devils vs Calgary Flames|H2H|Calgary Flames|3.50": 1773300074.6645136,
  "EV|Boston Bruins vs San Jose Sharks|H2H|San Jose Sharks|3.35": 1773300074.9054446,
  "EV|Dallas Stars vs Edmonton Oilers|H2H|Edmonton Oilers|2.88": 1773300075.1792152,
  "EV|Tampa Bay Lightning vs Detroit Red Wings|H2H|Detroit Red Wings|3.81": 1773300075.4376054,
  "EV|Utah Mammoth vs Chicago Blackhawks|H2H|Chicago Blackhawks|4.01": 1773300075.7269247,
  "EV|Winnipeg Jets vs New York Rangers|H2H|New York Rangers|3.21": 1773300076.0498922,
  "EV|Vegas Golden Knights vs Pittsburgh Penguins|H2H|Pittsburgh Penguins|3.15": 1773300076.369872,
  "EV|Seattle Kraken vs Colorado Avalanche|H2H|Seattle Kraken|3.63": 1773300076.6676939,
  "EV|Vancouver Canucks vs Nashville Predators|H2H|Vancouver Canucks|3.08": 1773300076.9404757,
  "EV|Toronto Maple Leafs vs Anaheim Ducks|H2H|Anaheim Ducks|2.45": 1773300077.2659805,
  "EV|Florida Panthers vs Columbus Blue Jackets|H2H|Columbus Blue Jackets|2.53": 1773300077.5458207,
  "EV|Florida Panthers vs Columbus Blue Jackets|H2H|Florida Panthers|2.48": 1773300077.8212965,
  "EV|Toronto Maple Leafs vs Anaheim Ducks|H2H|Toronto Maple Leafs|2.54": 1773300078.095517,
  "EV|Vancouver Canucks vs Nashville Predators|H2H|Nashville Predators|2.10": 1773300078.3784103,
  "EV|Winnipeg Jets vs New York Rangers|H2H|Winnipeg Jets|2.07": 1773300078.6376374,
  "EV|Vegas Golden Knights vs Pittsburgh Penguins|H2H|Vegas Golden Knights|2.09": 1773300078.9052508,
  "EV|New Jersey Devils vs Calgary Flames|H2H|New Jersey Devils|1.97": 1773300079.1734238,
  "EV|Bayern Munich vs Atalanta BC|H2H|Atalanta BC|9.45": 1773300079.427893,
  "EV|Boston Bruins vs San Jose Sharks|H2H|Boston Bruins|2.01": 1773300079.7074065,
  "EV|Dallas Stars vs Edmonton Oilers|H2H|Dallas Stars|2.24": 1773300079.9731553,
  "EV|Seattle Kraken vs Colorado Avalanche|H2H|Colorado Avalanche|1.88": 1773300080.21773,
  "EV|Buffalo Sabres vs Washington Capitals|H2H|Buffalo Sabres|1.86": 1773300080.4674802,
  "EV|Utah Mammoth vs Chicago Blackhawks|H2H|Utah Mammoth|1.78": 1773300080.7314363,
  "EV|Tampa Bay Lightning vs Detroit Red Wings|H2H|Tampa Bay Lightning|1.83": 1773300080.9806528,
  "EV|Minnesota Wild vs Philadelphia Flyers|H2H|Minnesota Wild|1.75": 1773300081.252922,
  "EV|Carolina Hurricanes vs St Louis Blues|H2H|Carolina Hurricanes|1.63": 1773300081.4971542,
  "EV|Dallas Stars vs Edmonton Oilers|TOTALS 6.5|Over|2.04": 1773300081.7806177,
  "EV|Toronto Maple Leafs vs Anaheim Ducks|TOTALS 6.5|Over|2.09": 1773300082.0427494,
  "EV|Real Madrid vs Atl\u00e9tico Madrid|H2H|Atl\u00e9tico Madrid|4.02": 1773300082.3126247,
  "EV|Barcelona vs Rayo Vallecano|H2H|Rayo Vallecano|11.90": 1773300082.568069,
  "EV|Florida Panthers vs Columbus Blue Jackets|TOTALS 6.5|Over|2.22": 1773300082.860993,
  "EV|Boston Bruins vs San Jose Sharks|TOTALS 6.5|Over|2.13": 1773300083.132024,
  "EV|Buffalo Sabres vs Washington Capitals|TOTALS 6.5|Over|2.15": 1773300083.4036915,
  "EV|Liverpool vs Galatasaray|H2H|Galatasaray|10.60": 1773300083.6620648,
  "EV|Sporting Lisbon vs Bod\u00f8/Glimt|H2H|Bod\u00f8/Glimt|5.44": 1773300083.9353917,
  "EV|Fulham vs Burnley|H2H|Burnley|6.70": 1773300084.216946,
  "EV|Seattle Kraken vs Colorado Avalanche|TOTALS 6.0|Over|2.00": 1773300084.5005727,
  "EV|CA Osasuna vs Girona|H2H|Girona|3.40": 1773300084.759102,
  "EV|Vancouver Canucks vs Nashville Predators|TOTALS 6.0|Over|2.02": 1773300085.0209217,
  "EV|Carolina Hurricanes vs St Louis Blues|TOTALS 6.0|Over|2.07": 1773300085.2878273,
  "EV|Los Angeles Lakers vs Chicago Bulls|H2H|Chicago Bulls|5.64": 1773300085.5353222,
  "EV|Manchester City vs Real Madrid|H2H|Real Madrid|5.63": 1773300085.811981,
  "EV|Barcelona vs Newcastle United|H2H|Newcastle United|5.30": 1773300086.0767057,
  "EV|Chelsea vs Newcastle United|H2H|Newcastle United|4.12": 1773300086.3126867,
  "EV|Bournemouth vs Manchester United|H2H|Bournemouth|3.10": 1773300086.5613763,
  "EV|Villarreal vs Real Sociedad|H2H|Villarreal|1.96": 1773300086.8251746,
  "EV|Liverpool vs Tottenham Hotspur|H2H|Tottenham Hotspur|8.60": 1773300087.0664241,
  "EV|New Jersey Devils vs Calgary Flames|H2H|New Jersey Devils|1.96": 1773300904.36063
}